asv_id,kingdom,phylum,class,order,family,genus,kingdom_conf,phylum_conf,class_conf,order_conf,family_conf,genus_conf,id_level,assignment
001,Eukaryota,Chlorophyta,Chlorophyceae,Chlamydomonadales,Chlamydomonadales,Chloromonas,100.00000000000001,100.00000000000001,63.74766681081745,58.335506536338606,58.335506536338606,41.297979889240274,genus,Chloromonas
002,Eukaryota,Chlorophyta,Chlorophyceae,NA,NA,NA,100,100,98.22355382179481,NA,NA,NA,class,Chlorophyceae
003,Eukaryota,Chlorophyta,Chlorophyceae,Chlamydomonadales,Chlamydomonadales,Chloromonas,99.99999999999997,99.99999999999997,85.40612133215815,78.98399436445813,78.98399436445813,72.13394834080478,genus,Chloromonas
004,Eukaryota,Ascomycota,Sordariomycetes,Hypocreales,Cordycipitaceae,NA,99.99999999999999,99.99999999999999,99.01871535492076,86.91086028973521,47.42778748729365,47.42778748729365,family,Cordycipitaceae
005,Eukaryota,Ciliophora,Intramacronucleata,Conthreep,Oligohymenophorea,Stokesia,75.67563685251625,73.67541049575728,73.67541049575728,73.0752234627235,73.0752234627235,71.78139566911331,genus,Stokesia
006,Eukaryota,Basidiomycota,Microbotryomycetes,Kriegeriales,Kriegeriaceae,Kriegeria,100,100,97.20599647943328,60.52627254823924,51.77062345317308,51.77062345317308,genus,Kriegeria
007,Eukaryota,Basidiomycota,Microbotryomycetes,NA,NA,NA,99.99999999999999,99.99999999999999,83.32825619921105,83.32825619921105,NA,NA,class,Microbotryomycetes
008,Eukaryota,Ciliophora,Intramacronucleata,Conthreep,Oligohymenophorea,Stokesia,72.19268081642838,70.78798180432453,70.78798180432453,69.74963738782107,69.74963738782107,69.26632554942213,genus,Stokesia
009,Eukaryota,Chlorophyta,Chlorophyceae,Chlamydomonadales,Chlamydomonadales,Chloromonas,95.5153118894763,95.5153118894763,70.37544126740454,65.29842743958298,65.29842743958298,43.281589966808625,genus,Chloromonas
010,Eukaryota,NA,NA,NA,NA,NA,64.85962591076701,64.85962591076701,NA,NA,NA,NA,kingdom,Eukaryota
011,Eukaryota,Rotifera,Bdelloidea,Adinetida,NA,NA,94.78297384418474,94.78297384418474,94.78297384418474,94.78297384418474,NA,NA,order,Adinetida
012,Eukaryota,Chlorophyta,Trebouxiophyceae,NA,NA,NA,100.00000000000001,100.00000000000001,79.5537237399808,NA,NA,NA,class,Trebouxiophyceae
013,Eukaryota,NA,NA,NA,NA,NA,66.5336521871028,66.5336521871028,NA,NA,NA,NA,kingdom,Eukaryota
014,Eukaryota,Basidiomycota,NA,NA,NA,NA,93.41042456645158,93.41042456645158,93.41042456645158,NA,NA,NA,phylum,Basidiomycota
015,Eukaryota,Chlorophyta,Chlorophyceae,NA,NA,NA,99.04546138725382,99.04546138725382,98.20387955386596,NA,NA,NA,class,Chlorophyceae
016,Eukaryota,Ciliophora,Intramacronucleata,Litostomatea,Haptoria,NA,99.99999999999993,99.99999999999993,99.99999999999993,99.99999999999993,99.99999999999993,NA,family,Haptoria
017,Eukaryota,Cercozoa,Glissomonadida,NA,NA,NA,88.80197584510066,88.80197584510066,88.80197584510066,NA,NA,NA,class,Glissomonadida
018,Eukaryota,Ciliophora,Intramacronucleata,Conthreep,Phyllopharyngea,Tokophrya,76.92835126981682,76.45203074633942,76.45203074633942,76.45203074633942,76.45203074633942,76.45203074633942,genus,Tokophrya
019,Eukaryota,NA,NA,NA,NA,NA,65.49111456676543,65.49111456676543,NA,NA,NA,NA,kingdom,Eukaryota
020,Eukaryota,Chlorophyta,Chlorophyceae,NA,NA,NA,93.8941635298232,93.8941635298232,92.32414571923738,NA,NA,NA,class,Chlorophyceae
021,Eukaryota,Ciliophora,Intramacronucleata,Spirotrichea,Hypotrichia,NA,100,100,100,100,87.24649932721368,87.24649932721368,family,Hypotrichia
022,Eukaryota,NA,NA,NA,NA,NA,66.41633711312738,66.41633711312738,NA,NA,NA,NA,kingdom,Eukaryota
023,Eukaryota,Chytridiomycota,NA,Rhizophydiales,NA,NA,95.9056804106175,94.33853989904837,90.94408218169693,86.16171705029764,NA,NA,order,Rhizophydiales
024,Eukaryota,Ciliophora,Intramacronucleata,Spirotrichea,Hypotrichia,NA,97.36401115490443,97.36401115490443,97.36401115490443,97.36401115490443,93.45866927494944,93.45866927494944,family,Hypotrichia
025,Eukaryota,Chlorophyta,Chlorophyceae,Chlamydomonadales,Chlamydomonadales,NA,99.05573001312818,99.05573001312818,75.82098051632808,72.94136725068049,72.94136725068049,72.94136725068049,family,Chlamydomonadales_fa
026,Eukaryota,NA,NA,NA,NA,NA,64.20861661685002,64.20861661685002,NA,NA,NA,NA,kingdom,Eukaryota
027,Eukaryota,Chlorophyta,Chlorophyceae,Chlamydomonadales,Chlamydomonadales,Chloromonas,97.67985505375871,97.67985505375871,61.447795097222695,58.99850692482169,58.99850692482169,40.02787700005948,genus,Chloromonas
028,Eukaryota,Chlorophyta,Chlorophyceae,Chlamydomonadales,Chlamydomonadales,Chlamydomonas,95.64683013658582,95.64683013658582,53.009511210816875,44.9826233200202,44.9826233200202,41.90324090349396,genus,Chlamydomonas
029,Eukaryota,Ciliophora,Intramacronucleata,Spirotrichea,Hypotrichia,Urostyla,96.5073418661413,96.5073418661413,96.5073418661413,96.5073418661413,96.5073418661413,70.21711929745733,genus,Urostyla
030,Eukaryota,NA,NA,NA,NA,NA,65.63038655596506,65.63038655596506,NA,NA,NA,NA,kingdom,Eukaryota
031,Eukaryota,NA,NA,NA,NA,NA,64.47863081639815,64.47863081639815,NA,NA,NA,NA,kingdom,Eukaryota
032,Eukaryota,Chytridiomycota,NA,Gromochytriales,Gromochytriaceae,NA,93.19960201098351,88.58293771958299,88.58293771958299,84.45252098215913,84.45252098215913,NA,family,Gromochytriaceae
033,NA,NA,NA,NA,NA,NA,36.695623862448514,NA,NA,NA,NA,NA,unknown,unknown
034,Eukaryota,Ciliophora,Intramacronucleata,Litostomatea,Haptoria,NA,88.68994406166482,88.07974755724767,88.07974755724767,88.07974755724767,81.27837335296083,NA,family,Haptoria
035,Eukaryota,NA,NA,NA,NA,NA,50.144199271638286,50.144199271638286,NA,NA,NA,NA,kingdom,Eukaryota
036,Eukaryota,Ciliophora,Intramacronucleata,Litostomatea,Haptoria,NA,96.82033103770397,96.82033103770397,96.82033103770397,96.82033103770397,93.47096573161802,NA,family,Haptoria
037,Eukaryota,Chytridiomycota,NA,Rhizophydiales,NA,NA,100.00000000000001,100.00000000000001,100.00000000000001,97.9708090370819,NA,NA,order,Rhizophydiales
038,Eukaryota,Chytridiomycota,NA,Gromochytriales,Gromochytriaceae,NA,97.02560803160483,94.09448633041927,94.09448633041927,89.10764386472482,89.10764386472482,NA,family,Gromochytriaceae
039,Eukaryota,NA,NA,NA,NA,NA,60.152485104799695,60.152485104799695,NA,NA,NA,NA,kingdom,Eukaryota
040,Eukaryota,NA,NA,NA,NA,NA,62.75235858179195,62.75235858179195,NA,NA,NA,NA,kingdom,Eukaryota
041,Eukaryota,Chytridiomycota,NA,Gromochytriales,Gromochytriaceae,NA,97.00729481306509,93.60984000210723,93.60984000210723,88.86907050165311,88.86907050165311,NA,family,Gromochytriaceae
042,Eukaryota,Ciliophora,Intramacronucleata,Spirotrichea,Hypotrichia,NA,89.83947179291101,89.83947179291101,89.83947179291101,89.83947179291101,85.12380296186842,85.12380296186842,family,Hypotrichia
043,Eukaryota,NA,NA,NA,NA,NA,66.48183801319438,66.48183801319438,NA,NA,NA,NA,kingdom,Eukaryota
044,Eukaryota,NA,NA,NA,NA,NA,59.03489089564715,59.03489089564715,NA,NA,NA,NA,kingdom,Eukaryota
045,Eukaryota,Chlorophyta,Chlorophyceae,Chlamydomonadales,Chlamydomonadales,Chloromonas,96.22965622278208,96.22965622278208,78.19180684046405,73.03811904066153,73.03811904066153,61.335366463491305,genus,Chloromonas
046,Eukaryota,Ciliophora,Intramacronucleata,Spirotrichea,Hypotrichia,NA,95.44981639504374,95.44981639504374,95.44981639504374,95.44981639504374,79.46510836856359,79.46510836856359,family,Hypotrichia
047,Eukaryota,Chlorophyta,Chlorophyceae,NA,NA,NA,96.52990859070884,96.52990859070884,96.52990859070884,NA,NA,NA,class,Chlorophyceae
048,Eukaryota,Chlorophyta,Chlorophyceae,Chlamydomonadales,Chlamydomonadales,Chloromonas,97.78930715207103,97.78930715207103,61.17052950573106,52.93226904927264,52.93226904927264,40.84992985111512,genus,Chloromonas
049,Eukaryota,NA,NA,NA,NA,NA,66.05195788897541,66.05195788897541,NA,NA,NA,NA,kingdom,Eukaryota
050,Eukaryota,Arthropoda,Ellipura,Collembola,NA,NA,87.74774758582218,85.66795444074471,84.12659642168074,84.12659642168074,NA,NA,order,Collembola
051,Eukaryota,Ciliophora,Intramacronucleata,Conthreep,Oligohymenophorea,Stokesia,72.25116601160275,71.1099370135448,71.1099370135448,68.25540432082572,67.15949593494798,64.71982782107033,genus,Stokesia
052,Eukaryota,Ascomycota,Sordariomycetes,Hypocreales,NA,NA,97.74734569373615,97.74734569373615,94.6782227053317,78.7688165569906,78.7688165569906,NA,order,Hypocreales
053,Eukaryota,Chlorophyta,Trebouxiophyceae,NA,NA,NA,95.63343543639544,95.63343543639544,69.68184391125776,NA,NA,NA,class,Trebouxiophyceae
054,Eukaryota,NA,NA,NA,NA,NA,63.905577099880084,63.905577099880084,NA,NA,NA,NA,kingdom,Eukaryota
055,Eukaryota,NA,NA,NA,NA,NA,62.74470283934983,62.74470283934983,NA,NA,NA,NA,kingdom,Eukaryota
056,Eukaryota,Ciliophora,Intramacronucleata,Conthreep,Oligohymenophorea,Stokesia,81.85129108989852,79.559805792028655,79.559805792028655,79.559805792028655,79.559805792028655,79.559805792028655,genus,Stokesia
057,Eukaryota,Chlorophyta,Chlorophyceae,Chlamydomonadales,Chlamydomonadales,Chloromonas,93.25225283622017,93.25225283622017,85.65581014575119,74.3059731203178,74.3059731203178,47.29403055971233,genus,Chloromonas
058,Eukaryota,NA,NA,NA,NA,NA,56.10048758410441,56.10048758410441,NA,NA,NA,NA,kingdom,Eukaryota
059,Eukaryota,Ciliophora,Intramacronucleata,Conthreep,Oligohymenophorea,Stokesia,71.03997243026873,69.00104777379742,69.00104777379742,69.00104777379742,69.00104777379742,68.59082097085997,genus,Stokesia
060,Eukaryota,Ciliophora,Intramacronucleata,Conthreep,Oligohymenophorea,Stokesia,75.21658584186041,72.97657652539417,72.97657652539417,72.97657652539417,72.97657652539417,70.9028214453817,genus,Stokesia
061,Eukaryota,NA,NA,NA,NA,NA,67.08248812677608,67.08248812677608,NA,NA,NA,NA,kingdom,Eukaryota
062,Eukaryota,Chytridiomycota,NA,Rhizophydiales,NA,NA,96.3616610664589,94.52938724640832,94.52938724640832,82.94205387092454,NA,NA,order,Rhizophydiales
063,Eukaryota,Ciliophora,Intramacronucleata,Litostomatea,Haptoria,NA,92.9477432501039,92.9477432501039,92.9477432501039,92.9477432501039,90.80921804491689,NA,family,Haptoria
064,Eukaryota,Cercozoa,Glissomonadida,NA,NA,NA,88.3756743352406,88.3756743352406,88.3756743352406,NA,NA,NA,class,Glissomonadida
065,Eukaryota,NA,NA,NA,NA,NA,61.27207268869603,61.27207268869603,NA,NA,NA,NA,kingdom,Eukaryota
066,Eukaryota,Chytridiomycota,NA,Monoblepharidales,Incertae_Sedis,Hyaloraphidium,84.92200444966558,81.10398806702324,81.10398806702324,57.16386001327901,57.16386001327901,57.16386001327901,genus,Hyaloraphidium
067,Eukaryota,Chlorophyta,Chlorophyceae,NA,NA,NA,91.16752534082931,89.7618665266826,88.29912370914452,NA,NA,NA,class,Chlorophyceae
068,Eukaryota,Chlorophyta,Chlorophyceae,Chlamydomonadales,Chlamydomonadales,NA,88.42536997497743,87.01949980027698,59.37186095361389,56.205065673459906,56.205065673459906,56.205065673459906,family,Chlamydomonadales_fa
069,Eukaryota,Chlorophyta,Chlorophyceae,Chlamydomonadales,Chlamydomonadales,NA,90.2175372756583,90.2175372756583,76.01623865886395,68.03647461076473,68.03647461076473,68.03647461076473,family,Chlamydomonadales_fa
070,Eukaryota,Ascomycota,NA,NA,NA,NA,87.31656176015007,82.64457685845666,82.64457685845666,NA,NA,NA,phylum,Ascomycota
071,Eukaryota,Ochrophyta,Chrysophyceae,Chrysocapsales,Chrysocapsales,Hydrurus,95.84830392931005,94.343330760843,90.8971307598404,72.68678543328764,72.68678543328764,72.04156762643805,genus,Hydrurus
072,Eukaryota,Chlorophyta,Chlorophyceae,Chlamydomonadales,Chlamydomonadales,NA,91.56926939563868,91.56926939563868,69.81407767347767,54.39584245727771,54.39584245727771,54.39584245727771,family,Chlamydomonadales_fa
073,Eukaryota,Chlorophyta,NA,NA,NA,NA,71.52335737655264,57.27183526355966,57.27183526355966,NA,NA,NA,phylum,Chlorophyta_ph
074,Eukaryota,NA,NA,NA,NA,NA,68.2038911368165,68.2038911368165,NA,NA,NA,NA,kingdom,Eukaryota
075,Eukaryota,Ciliophora,Intramacronucleata,Litostomatea,Haptoria,NA,99.99999999999999,99.99999999999999,99.99999999999999,99.99999999999999,95.87431874402787,NA,family,Haptoria
076,Eukaryota,Chlorophyta,Chlorophyceae,NA,NA,NA,94.24898375953175,94.24898375953175,93.422019310806,NA,NA,NA,class,Chlorophyceae
077,Eukaryota,NA,NA,NA,NA,NA,61.23099145809283,61.23099145809283,NA,NA,NA,NA,kingdom,Eukaryota
078,Eukaryota,Ochrophyta,Chrysophyceae,Chrysocapsales,Chrysocapsales,Hydrurus,100.00000000000003,100.00000000000003,96.06997833803024,89.7452204153489,89.7452204153489,89.7452204153489,genus,Hydrurus
079,Eukaryota,NA,NA,NA,NA,NA,64.79305770435323,64.79305770435323,NA,NA,NA,NA,kingdom,Eukaryota
080,Eukaryota,Ascomycota,Leotiomycetes,NA,NA,NA,93.21237066205381,93.21237066205381,53.80637952461836,NA,NA,NA,class,Leotiomycetes
081,Eukaryota,Chytridiomycota,NA,Monoblepharidales,Incertae_Sedis,Hyaloraphidium,81.00061364750333,77.63183004023617,77.63183004023617,56.95454099649977,56.95454099649977,56.95454099649977,genus,Hyaloraphidium
082,Eukaryota,NA,NA,NA,NA,NA,63.29278926871322,63.29278926871322,NA,NA,NA,NA,kingdom,Eukaryota
083,Eukaryota,NA,NA,NA,NA,NA,59.54117670206158,59.54117670206158,NA,NA,NA,NA,kingdom,Eukaryota
084,Eukaryota,Ciliophora,Intramacronucleata,Litostomatea,Haptoria,NA,87.79722290905272,87.79722290905272,87.79722290905272,87.79722290905272,82.85820252800261,NA,family,Haptoria
085,Eukaryota,NA,NA,NA,NA,NA,63.21262714804974,63.21262714804974,NA,NA,NA,NA,kingdom,Eukaryota
086,Eukaryota,Cercozoa,Glissomonadida,NA,NA,NA,97.25892473004262,97.25892473004262,97.25892473004262,NA,NA,NA,class,Glissomonadida
087,Eukaryota,NA,NA,NA,NA,NA,63.86306334154979,63.86306334154979,NA,NA,NA,NA,kingdom,Eukaryota
088,Eukaryota,Ciliophora,Intramacronucleata,Spirotrichea,Hypotrichia,NA,96.79031843299832,96.79031843299832,96.79031843299832,96.79031843299832,96.05561916913304,96.05561916913304,family,Hypotrichia
089,Eukaryota,Basidiomycota,Microbotryomycetes,Kriegeriales,Kriegeriaceae,Kriegeria,97.16912712919569,97.16912712919569,92.21031951730005,57.73807574972544,47.36125117320233,47.36125117320233,genus,Kriegeria
090,Eukaryota,Chlorophyta,Chlorophyceae,Chlamydomonadales,Chlamydomonadales,Chloromonas,100.00000000000001,100.00000000000001,94.40909976586924,92.68838996071653,92.68838996071653,85.41060531319508,genus,Chloromonas
091,Eukaryota,Chytridiomycota,NA,Gromochytriales,Gromochytriaceae,NA,98.22109104933948,93.99063300419651,93.99063300419651,90.16719901444752,90.16719901444752,NA,family,Gromochytriaceae
092,Eukaryota,Rotifera,Bdelloidea,Adinetida,NA,NA,94.60742065786192,94.60742065786192,94.60742065786192,94.60742065786192,NA,NA,order,Adinetida
093,Eukaryota,NA,NA,NA,NA,NA,65.47871113561096,65.47871113561096,NA,NA,NA,NA,kingdom,Eukaryota
094,NA,NA,NA,NA,NA,NA,36.23421489175997,NA,NA,NA,NA,NA,unknown,unknown
095,Eukaryota,Chytridiomycota,NA,Gromochytriales,Gromochytriaceae,NA,89.53332374876213,81.71519021414291,80.07301558959563,67.98114790809835,67.98114790809835,NA,family,Gromochytriaceae
096,Eukaryota,Chytridiomycota,NA,Gromochytriales,Gromochytriaceae,NA,88.22750318724322,84.46241120617864,84.46241120617864,71.41590594328842,71.41590594328842,NA,family,Gromochytriaceae
097,Eukaryota,NA,NA,NA,NA,NA,62.56805013609904,62.56805013609904,NA,NA,NA,NA,kingdom,Eukaryota
098,Eukaryota,Ciliophora,Intramacronucleata,Spirotrichea,Hypotrichia,NA,99.99999999999999,99.99999999999999,99.99999999999999,99.99999999999999,99.99999999999999,NA,family,Hypotrichia
099,Eukaryota,NA,NA,NA,NA,NA,63.9348679529585,63.9348679529585,NA,NA,NA,NA,kingdom,Eukaryota
100,Eukaryota,Basidiomycota,NA,NA,NA,NA,85.33115947757139,83.00288067456131,83.00288067456131,NA,NA,NA,phylum,Basidiomycota
101,Eukaryota,NA,NA,NA,NA,NA,60.10520594198587,60.10520594198587,NA,NA,NA,NA,kingdom,Eukaryota
102,Eukaryota,Protalveolata,Perkinsidae,A31,NA,NA,69.52342251641167,49.84972144721132,48.71936230450697,45.32905947152705,NA,NA,order,A31
103,Eukaryota,Chytridiomycota,NA,Gromochytriales,Gromochytriaceae,NA,87.35434425145218,82.5942729530031,81.76911929580113,74.47123997632124,74.47123997632124,NA,family,Gromochytriaceae
104,Eukaryota,Ascomycota,Leotiomycetes,Helotiales,NA,NA,94.50514093801421,91.88575495716393,55.93604361035471,43.5715026194951,43.5715026194951,NA,order,Helotiales
105,Eukaryota,NA,NA,NA,NA,NA,65.351535679545,65.351535679545,NA,NA,NA,NA,kingdom,Eukaryota
106,Eukaryota,Ciliophora,Intramacronucleata,Conthreep,Oligohymenophorea,Stokesia,80.1479458449507,79.03427728553021,79.03427728553021,78.44218450080845,78.44218450080845,75.50590185922202,genus,Stokesia
107,Eukaryota,Chytridiomycota,NA,Gromochytriales,Gromochytriaceae,NA,100.00000000000001,99.46285195316526,99.46285195316526,98.67509425945988,98.67509425945988,NA,family,Gromochytriaceae
108,Eukaryota,Ascomycota,Leotiomycetes,NA,NA,NA,100.00000000000001,98.91699697339963,65.38354092115777,NA,NA,NA,class,Leotiomycetes
109,Eukaryota,Ciliophora,Intramacronucleata,Conthreep,Oligohymenophorea,Stokesia,67.49340962378372,65.1218124618851,65.1218124618851,63.773406114789616,63.773406114789616,62.73767082693769,genus,Stokesia
110,Eukaryota,NA,NA,NA,NA,NA,65.66062397380661,65.66062397380661,NA,NA,NA,NA,kingdom,Eukaryota
111,Eukaryota,Ochrophyta,Chrysophyceae,NA,NA,NA,85.75605155906158,85.12452791959458,78.29771211536944,78.29771211536944,NA,NA,class,Chrysophyceae
112,Eukaryota,Ciliophora,Intramacronucleata,Conthreep,Oligohymenophorea,Stokesia,74.64444574556117,73.05090288169242,73.05090288169242,73.05090288169242,73.05090288169242,71.98698358275809,genus,Stokesia
113,Eukaryota,Ciliophora,Intramacronucleata,Conthreep,Oligohymenophorea,Stokesia,71.72605506040155,70.23805991826127,70.23805991826127,68.44749730740016,68.44749730740016,68.44749730740016,genus,Stokesia
114,Eukaryota,Ciliophora,Intramacronucleata,Litostomatea,Haptoria,NA,88.55956621591342,88.55956621591342,88.55956621591342,88.55956621591342,82.39044562572796,NA,family,Haptoria
115,Eukaryota,NA,NA,NA,NA,NA,65.64341144516028,65.64341144516028,NA,NA,NA,NA,kingdom,Eukaryota
116,Eukaryota,Ciliophora,Intramacronucleata,Conthreep,Oligohymenophorea,Stokesia,70.25123681170139,68.14761982505779,68.14761982505779,66.92828758516424,66.92828758516424,66.21700014036496,genus,Stokesia
117,Eukaryota,NA,NA,NA,NA,NA,40.53292327807722,40.53292327807722,NA,NA,NA,NA,kingdom,Eukaryota
118,Eukaryota,Chytridiomycota,NA,Gromochytriales,Gromochytriaceae,NA,82.96387265715569,68.7372989296024,62.9922007876848,48.259028922856224,48.259028922856224,NA,family,Gromochytriaceae
119,Eukaryota,Chlorophyta,Chlorophyceae,Chlamydomonadales,Chlamydomonadales,NA,89.04243267511578,89.04243267511578,76.14669687626184,62.99931914737827,62.99931914737827,62.99931914737827,family,Chlamydomonadales_fa
120,Eukaryota,NA,NA,NA,NA,NA,64.77573391389954,64.77573391389954,NA,NA,NA,NA,kingdom,Eukaryota
121,Eukaryota,Chlorophyta,Chlorophyceae,Chlamydomonadales,Chlamydomonadales,Chloromonas,91.53718043514233,91.53718043514233,71.83247993513366,66.1717991482432,66.1717991482432,49.896053472606674,genus,Chloromonas
122,NA,NA,NA,NA,NA,NA,37.375442759691836,NA,NA,NA,NA,NA,unknown,unknown
123,Eukaryota,NA,NA,NA,NA,NA,56.78445697289122,56.78445697289122,NA,NA,NA,NA,kingdom,Eukaryota
124,Eukaryota,NA,NA,NA,NA,NA,65.5487453470531,65.5487453470531,NA,NA,NA,NA,kingdom,Eukaryota
125,Eukaryota,NA,NA,NA,NA,NA,66.29869455463927,66.29869455463927,NA,NA,NA,NA,kingdom,Eukaryota
126,Eukaryota,NA,NA,NA,NA,NA,60.54664707898124,60.54664707898124,NA,NA,NA,NA,kingdom,Eukaryota
127,Eukaryota,NA,NA,NA,NA,NA,64.38060957451016,64.38060957451016,NA,NA,NA,NA,kingdom,Eukaryota
128,Eukaryota,Chytridiomycota,NA,Monoblepharidales,Incertae_Sedis,Hyaloraphidium,90.55564188798604,88.60926235055241,88.60926235055241,68.58185385098433,68.58185385098433,68.58185385098433,genus,Hyaloraphidium
129,Eukaryota,Basidiomycota,Microbotryomycetes,Kriegeriales,Camptobasidiaceae,NA,96.41764240874735,95.76800781652668,75.0404142355381,41.367604682758554,40.26064880803946,40.26064880803946,family,Camptobasidiaceae
130,Eukaryota,Ascomycota,Leotiomycetes,NA,NA,NA,98.17246817963974,96.35150076613981,60.62739944313284,NA,NA,NA,class,Leotiomycetes
131,Eukaryota,NA,NA,NA,NA,NA,62.84334997044965,62.84334997044965,NA,NA,NA,NA,kingdom,Eukaryota
132,Eukaryota,Rotifera,Bdelloidea,Adinetida,NA,NA,92.8368211565779,92.8368211565779,92.8368211565779,92.8368211565779,NA,NA,order,Adinetida
133,Eukaryota,NA,NA,NA,NA,NA,61.753145218473776,61.753145218473776,NA,NA,NA,NA,kingdom,Eukaryota
134,Eukaryota,NA,NA,NA,NA,NA,63.646339129618724,63.646339129618724,NA,NA,NA,NA,kingdom,Eukaryota
135,Eukaryota,Ciliophora,Intramacronucleata,Conthreep,Oligohymenophorea,Stokesia,71.45984818869076,70.86711032707277,70.86711032707277,67.43370706385342,66.71952286657402,64.30932036902574,genus,Stokesia
136,Eukaryota,Chlorophyta,Chlorophyceae,NA,NA,NA,88.77238609923023,87.3970863037291,87.3970863037291,NA,NA,NA,class,Chlorophyceae
137,Eukaryota,Chlorophyta,Chlorophyceae,Chlamydomonadales,Chlamydomonadales,Chlorogonium,91.18932533599825,91.18932533599825,84.13572148418376,80.09898795505372,80.09898795505372,47.15683704229304,genus,Chlorogonium
138,Eukaryota,Chytridiomycota,NA,Rhizophydiales,NA,NA,84.27501680778803,80.31615892509903,75.71967613568398,51.351244263744846,51.351244263744846,NA,order,Rhizophydiales
139,Eukaryota,Chlorophyta,Trebouxiophyceae,NA,NA,NA,94.23570765150946,94.23570765150946,69.69391888588359,NA,NA,NA,class,Trebouxiophyceae
140,Eukaryota,Chlorophyta,Trebouxiophyceae,NA,NA,NA,95.98843056202395,95.98843056202395,77.27417740624682,NA,NA,NA,class,Trebouxiophyceae
141,Eukaryota,Chlorophyta,Chlorophyceae,NA,NA,NA,95.2760365828679,95.2760365828679,95.2760365828679,NA,NA,NA,class,Chlorophyceae
142,Eukaryota,Ciliophora,Intramacronucleata,Conthreep,Oligohymenophorea,Stokesia,71.05504937978682,68.94728351627879,68.94728351627879,65.45471029499323,64.95630973977264,64.95630973977264,genus,Stokesia
143,Eukaryota,Chlorophyta,Chlorophyceae,Chlamydomonadales,Chlamydomonadales,Chloromonas,93.00634395451134,93.00634395451134,67.40839092937775,58.64069072734938,58.64069072734938,41.54190231600365,genus,Chloromonas
144,Eukaryota,NA,NA,NA,NA,NA,47.82268478769328,47.82268478769328,NA,NA,NA,NA,kingdom,Eukaryota
145,Eukaryota,NA,NA,NA,NA,NA,64.23810304667657,64.23810304667657,NA,NA,NA,NA,kingdom,Eukaryota
146,Eukaryota,Basidiomycota,Tremellomycetes,Filobasidiales,Piskurozymaceae,NA,99.26007785265105,99.26007785265105,92.15454660463591,87.95402127456994,50.282528755479184,50.282528755479184,family,Piskurozymaceae
147,Eukaryota,NA,NA,NA,NA,NA,57.55306999510389,57.55306999510389,NA,NA,NA,NA,kingdom,Eukaryota
148,Eukaryota,NA,NA,NA,NA,NA,58.576384514112775,58.576384514112775,NA,NA,NA,NA,kingdom,Eukaryota
149,Eukaryota,Ciliophora,Intramacronucleata,Conthreep,Oligohymenophorea,Stokesia,77.120319551182,76.16078062682621,76.16078062682621,76.16078062682621,75.3585938369627,75.3585938369627,genus,Stokesia
150,Eukaryota,Phragmoplastophyta,Embryophyta,NA,NA,NA,97.54420850013041,97.54420850013041,94.93139511454785,94.93139511454785,NA,NA,class,Embryophyta
151,Eukaryota,Ciliophora,Intramacronucleata,Spirotrichea,Hypotrichia,NA,92.14758343310251,91.44048599134369,91.44048599134369,91.44048599134369,78.51175128506598,78.51175128506598,family,Hypotrichia
152,NA,NA,NA,NA,NA,NA,31.48367261632498,NA,NA,NA,NA,NA,unknown,unknown
153,Eukaryota,NA,NA,NA,NA,NA,63.14695232041652,63.14695232041652,NA,NA,NA,NA,kingdom,Eukaryota
154,Eukaryota,Ascomycota,Dothideomycetes,NA,NA,NA,82.52349880135961,81.75960949075395,52.92485848454468,52.92485848454468,NA,NA,class,Dothideomycetes
155,Eukaryota,Chlorophyta,Chlorophyceae,NA,NA,NA,94.21260214193849,94.21260214193849,90.17133946701956,NA,NA,NA,class,Chlorophyceae
156,Eukaryota,Chlorophyta,Chlorophyceae,NA,NA,NA,97.87321500342183,97.87321500342183,97.87321500342183,NA,NA,NA,class,Chlorophyceae
157,Eukaryota,Chlorophyta,Chlorophyceae,NA,NA,NA,78.45805318493827,77.063535674164,75.69221758226874,NA,NA,NA,class,Chlorophyceae
158,Eukaryota,Ascomycota,NA,NA,NA,NA,96.88970456005829,94.97933205130572,94.97933205130572,NA,NA,NA,phylum,Ascomycota
159,Eukaryota,Chlorophyta,Chlorophyceae,Chlamydomonadales,Chlamydomonadales,NA,96.2459700367129,96.2459700367129,70.27915196315087,53.03666706374459,53.03666706374459,53.03666706374459,family,Chlamydomonadales_fa
160,Eukaryota,Chlorophyta,Chlorophyceae,NA,NA,NA,99.12235882110679,99.12235882110679,98.27931413330404,NA,NA,NA,class,Chlorophyceae
161,Eukaryota,Chlorophyta,Trebouxiophyceae,NA,NA,NA,100.00000000000001,100.00000000000001,88.45111658955318,NA,NA,NA,class,Trebouxiophyceae
162,Eukaryota,NA,NA,NA,NA,NA,68.20946548026866,68.20946548026866,NA,NA,NA,NA,kingdom,Eukaryota
163,Eukaryota,NA,NA,NA,NA,NA,64.37189233329335,64.37189233329335,NA,NA,NA,NA,kingdom,Eukaryota
164,Eukaryota,Ciliophora,Intramacronucleata,Spirotrichea,Hypotrichia,NA,95.95257021007134,95.95257021007134,95.95257021007134,95.95257021007134,94.32596476663338,NA,family,Hypotrichia
165,Eukaryota,NA,NA,NA,NA,NA,65.82364739305766,65.82364739305766,NA,NA,NA,NA,kingdom,Eukaryota
166,Eukaryota,NA,NA,NA,NA,NA,64.11259851334017,64.11259851334017,NA,NA,NA,NA,kingdom,Eukaryota
167,Eukaryota,NA,NA,NA,NA,NA,69.31469103780849,69.31469103780849,NA,NA,NA,NA,kingdom,Eukaryota
168,Eukaryota,NA,NA,NA,NA,NA,40.34501908169537,40.34501908169537,NA,NA,NA,NA,kingdom,Eukaryota
169,Eukaryota,NA,NA,NA,NA,NA,61.30565335104718,61.30565335104718,NA,NA,NA,NA,kingdom,Eukaryota
170,Eukaryota,Chytridiomycota,NA,Gromochytriales,Gromochytriaceae,NA,85.74814603069242,73.61338941320327,72.91331120445872,54.94927015288247,54.94927015288247,NA,family,Gromochytriaceae
171,Eukaryota,Ciliophora,Intramacronucleata,Litostomatea,Haptoria,NA,96.56138667824777,96.56138667824777,96.56138667824777,96.56138667824777,95.81472835268693,NA,family,Haptoria
172,Eukaryota,Chytridiomycota,NA,Gromochytriales,Gromochytriaceae,NA,79.47210152610712,61.33122668759114,61.33122668759114,43.69451919548037,43.69451919548037,NA,family,Gromochytriaceae
173,Eukaryota,NA,NA,NA,NA,NA,64.08913884143621,64.08913884143621,NA,NA,NA,NA,kingdom,Eukaryota
174,Eukaryota,NA,NA,NA,NA,NA,65.12586302034255,65.12586302034255,NA,NA,NA,NA,kingdom,Eukaryota
175,Eukaryota,NA,NA,NA,NA,NA,64.17398026993858,64.17398026993858,NA,NA,NA,NA,kingdom,Eukaryota
176,Eukaryota,Ciliophora,Intramacronucleata,Conthreep,NA,NA,66.50843897535604,56.03580166334776,56.03580166334776,51.12989764811052,51.12989764811052,NA,order,Conthreep
177,Eukaryota,Protalveolata,Perkinsidae,A31,NA,NA,75.05542844195926,67.52637864694672,67.52637864694672,67.52637864694672,NA,NA,order,A31
178,Eukaryota,Ciliophora,Intramacronucleata,Conthreep,Prostomatea,Cryptocaryon,67.92878393224935,57.570703160363415,57.570703160363415,49.22160969985009,45.459705578836015,44.90307313610235,genus,Cryptocaryon
179,Eukaryota,Rotifera,Monogononta,Ploimida,NA,NA,76.16848753734843,73.32821008091481,73.32821008091481,69.1384733035133,NA,NA,order,Ploimida
180,Eukaryota,NA,NA,NA,NA,NA,54.418553365065755,54.418553365065755,NA,NA,NA,NA,kingdom,Eukaryota
181,Eukaryota,Ciliophora,Intramacronucleata,Litostomatea,Haptoria,NA,94.6475773808624,94.6475773808624,94.6475773808624,94.6475773808624,93.87161305370509,NA,family,Haptoria
182,Eukaryota,NA,NA,NA,NA,NA,61.78738284715029,61.78738284715029,NA,NA,NA,NA,kingdom,Eukaryota
183,Eukaryota,Ciliophora,Intramacronucleata,Spirotrichea,Hypotrichia,NA,96.78345021354976,96.78345021354976,96.78345021354976,96.78345021354976,82.06851295491153,82.06851295491153,family,Hypotrichia
184,NA,NA,NA,NA,NA,NA,38.248441011555805,NA,NA,NA,NA,NA,unknown,unknown
185,Eukaryota,Nematoda,Chromadorea,Rhabditida,NA,NA,67.46924410965516,66.0680674060995,66.0680674060995,49.0002064036053,NA,NA,order,Rhabditida
186,Eukaryota,Ciliophora,Intramacronucleata,Litostomatea,Haptoria,NA,85.50156955557526,85.50156955557526,85.50156955557526,85.50156955557526,78.00958801265675,NA,family,Haptoria
187,Eukaryota,Basidiomycota,NA,NA,NA,NA,93.55633183970582,93.55633183970582,93.55633183970582,NA,NA,NA,phylum,Basidiomycota
188,Eukaryota,Ciliophora,Intramacronucleata,NA,NA,NA,61.382137448659485,43.37642075675036,43.37642075675036,43.37642075675036,NA,NA,class,Intramacronucleata
189,Eukaryota,Ciliophora,Intramacronucleata,Litostomatea,Haptoria,NA,96.80987047288889,96.80987047288889,96.80987047288889,96.80987047288889,82.06558902344628,82.06558902344628,family,Haptoria
190,Eukaryota,Chytridiomycota,NA,Gromochytriales,Gromochytriaceae,NA,94.32435861700598,92.98471675696159,92.98471675696159,84.64043663186929,84.64043663186929,NA,family,Gromochytriaceae
191,Eukaryota,NA,NA,NA,NA,NA,66.31941169668826,66.31941169668826,NA,NA,NA,NA,kingdom,Eukaryota
192,Eukaryota,NA,NA,NA,NA,NA,62.88835785579158,62.88835785579158,NA,NA,NA,NA,kingdom,Eukaryota
193,Eukaryota,NA,NA,NA,NA,NA,60.83572790760874,60.83572790760874,NA,NA,NA,NA,kingdom,Eukaryota
194,Eukaryota,Ciliophora,Intramacronucleata,Conthreep,Oligohymenophorea,Stokesia,64.00060862417315,60.15218583759169,60.15218583759169,59.70466724251627,59.21954313147124,57.55234801287036,genus,Stokesia
195,Eukaryota,Ciliophora,Intramacronucleata,Spirotrichea,Hypotrichia,NA,96.51510202982183,96.51510202982183,96.51510202982183,96.51510202982183,94.64465071333292,NA,family,Hypotrichia
196,Eukaryota,Ascomycota,Eurotiomycetes,Chaetothyriales,Herpotrichiellaceae,NA,88.25886130354635,86.78991169558111,82.937530390991,80.38503382018108,62.491966703842166,62.491966703842166,family,Herpotrichiellaceae
197,Eukaryota,NA,NA,NA,NA,NA,63.38040151369782,63.38040151369782,NA,NA,NA,NA,kingdom,Eukaryota
198,Eukaryota,NA,NA,NA,NA,NA,56.59490099009008,56.59490099009008,NA,NA,NA,NA,kingdom,Eukaryota
199,Eukaryota,NA,NA,NA,NA,NA,63.99292957666901,63.99292957666901,NA,NA,NA,NA,kingdom,Eukaryota
200,Eukaryota,Cercozoa,NA,Incertae_Sedis_or,Incertae_Sedis,Gymnophrys,71.78291218977759,55.80044416431705,43.51402703159343,43.51402703159343,43.51402703159343,43.51402703159343,genus,Gymnophrys
201,Eukaryota,NA,NA,NA,NA,NA,69.28775280047759,69.28775280047759,NA,NA,NA,NA,kingdom,Eukaryota
202,Eukaryota,Arthropoda,Ellipura,Collembola,NA,NA,96.25343708234733,95.4637881509822,95.4637881509822,95.4637881509822,NA,NA,order,Collembola
203,Eukaryota,NA,NA,NA,NA,NA,59.477376433788656,59.477376433788656,NA,NA,NA,NA,kingdom,Eukaryota
204,Eukaryota,NA,NA,NA,NA,NA,59.63789668504777,59.63789668504777,NA,NA,NA,NA,kingdom,Eukaryota
205,NA,NA,NA,NA,NA,NA,38.050730601758595,NA,NA,NA,NA,NA,unknown,unknown
206,Eukaryota,Chytridiomycota,NA,Rhizophydiales,NA,NA,79.64232050125938,63.63306517237106,60.22255849813839,40.332485977395685,40.332485977395685,NA,order,Rhizophydiales
207,Eukaryota,Basidiomycota,Microbotryomycetes,NA,NA,NA,87.87005062335638,87.23282391740241,72.92066236084804,72.92066236084804,NA,NA,class,Microbotryomycetes
208,NA,NA,NA,NA,NA,NA,30.880766037864074,NA,NA,NA,NA,NA,unknown,unknown
209,Eukaryota,NA,NA,NA,NA,NA,57.5422351099612,57.5422351099612,NA,NA,NA,NA,kingdom,Eukaryota
210,Eukaryota,Tardigrada,Eutardigrada,Parachela,NA,NA,94.46750919768634,93.74092826312965,93.74092826312965,93.74092826312965,NA,NA,order,Parachela
211,Eukaryota,NA,NA,NA,NA,NA,54.74753470023197,54.74753470023197,NA,NA,NA,NA,kingdom,Eukaryota
212,Eukaryota,Ascomycota,Leotiomycetes,Helotiales,Sclerotiniaceae,NA,99.99999999999999,99.99999999999999,80.1380080286908,68.08154094043017,45.36429704536801,45.36429704536801,family,Sclerotiniaceae
213,Eukaryota,Ciliophora,Intramacronucleata,Spirotrichea,Hypotrichia,Urostyla,92.47093423605916,92.47093423605916,92.47093423605916,92.47093423605916,91.85518527315828,68.83705149263167,genus,Urostyla
214,Eukaryota,Chytridiomycota,NA,Gromochytriales,Gromochytriaceae,NA,85.60618628826433,75.91108183304678,75.11300656975729,60.61795560656421,60.61795560656421,NA,family,Gromochytriaceae
215,Eukaryota,Ciliophora,Intramacronucleata,Conthreep,Oligohymenophorea,Stokesia,75.65704131508444,72.43571653556852,72.43571653556852,72.43571653556852,72.43571653556852,71.86794573595111,genus,Stokesia
216,Eukaryota,NA,NA,NA,NA,NA,64.8854627734525,64.8854627734525,NA,NA,NA,NA,kingdom,Eukaryota
217,NA,NA,NA,NA,NA,NA,36.77030568914067,NA,NA,NA,NA,NA,unknown,unknown
218,Eukaryota,NA,NA,NA,NA,NA,59.31873315710299,59.31873315710299,NA,NA,NA,NA,kingdom,Eukaryota
219,Eukaryota,Chytridiomycota,NA,Gromochytriales,Gromochytriaceae,NA,85.43243957617521,76.82519069912374,76.82519069912374,63.5270996868991,63.5270996868991,NA,family,Gromochytriaceae
220,Eukaryota,Basidiomycota,Tremellomycetes,Tremellales,NA,NA,80.79870656364668,77.52119765753308,70.67975770653845,40.441330328966146,40.441330328966146,NA,order,Tremellales
221,Eukaryota,Ciliophora,Intramacronucleata,Spirotrichea,Hypotrichia,NA,92.50388734573428,92.50388734573428,92.50388734573428,92.50388734573428,90.56842653384771,90.56842653384771,family,Hypotrichia
222,Eukaryota,Basidiomycota,NA,NA,NA,NA,84.84229459221899,82.85573066472178,82.85573066472178,NA,NA,NA,phylum,Basidiomycota
223,Eukaryota,Ciliophora,Intramacronucleata,Litostomatea,Haptoria,NA,96.98429414363038,96.98429414363038,96.98429414363038,96.98429414363038,96.46542012802739,NA,family,Haptoria
224,Eukaryota,Nematoda,Chromadorea,Araeolaimida,NA,NA,99.99999999999999,99.99999999999999,99.99999999999999,99.99999999999999,NA,NA,order,Araeolaimida
225,Eukaryota,NA,NA,NA,NA,NA,70.76307095803402,70.76307095803402,NA,NA,NA,NA,kingdom,Eukaryota
226,Eukaryota,NA,NA,NA,NA,NA,44.2716025279044,44.2716025279044,NA,NA,NA,NA,kingdom,Eukaryota
227,NA,NA,NA,NA,NA,NA,36.93965106599159,NA,NA,NA,NA,NA,unknown,unknown
228,Eukaryota,NA,NA,NA,NA,NA,55.679258521501424,55.679258521501424,NA,NA,NA,NA,kingdom,Eukaryota
229,Eukaryota,Ciliophora,Intramacronucleata,Conthreep,Oligohymenophorea,Stokesia,78.9742570415851,76.52469890009901,76.52469890009901,76.52469890009901,75.88725404440075,74.82474627180856,genus,Stokesia
230,Eukaryota,Chytridiomycota,NA,Gromochytriales,Gromochytriaceae,NA,81.46233686076225,68.92895518134605,68.92895518134605,56.4931410916208,56.4931410916208,NA,family,Gromochytriaceae
231,Eukaryota,NA,NA,NA,NA,NA,53.74302775006367,53.74302775006367,NA,NA,NA,NA,kingdom,Eukaryota
232,Eukaryota,NA,NA,NA,NA,NA,64.3362685790129,64.3362685790129,NA,NA,NA,NA,kingdom,Eukaryota
233,Eukaryota,NA,NA,NA,NA,NA,68.34049245321842,68.34049245321842,NA,NA,NA,NA,kingdom,Eukaryota
234,Eukaryota,Ascomycota,Dothideomycetes,Capnodiales,Teratosphaeriaceae,NA,100.00000000000001,100.00000000000001,95.80309736901329,89.9545747612643,83.11896677341869,NA,family,Teratosphaeriaceae
235,Eukaryota,Chlorophyta,Trebouxiophyceae,NA,NA,NA,93.85560006237692,93.85560006237692,64.00899606263074,NA,NA,NA,class,Trebouxiophyceae
236,NA,NA,NA,NA,NA,NA,35.23228480066318,NA,NA,NA,NA,NA,unknown,unknown
237,Eukaryota,NA,NA,NA,NA,NA,64.41042517097264,64.41042517097264,NA,NA,NA,NA,kingdom,Eukaryota
238,Eukaryota,Chytridiomycota,NA,Gromochytriales,Gromochytriaceae,NA,82.06043003118928,73.68498796186665,72.89399971032768,64.43195695034132,64.43195695034132,NA,family,Gromochytriaceae
239,Eukaryota,Basidiomycota,NA,NA,NA,NA,91.20845149567171,90.43382116938895,90.43382116938895,NA,NA,NA,phylum,Basidiomycota
240,Eukaryota,NA,NA,NA,NA,NA,63.43560295093331,63.43560295093331,NA,NA,NA,NA,kingdom,Eukaryota
241,Eukaryota,NA,NA,NA,NA,NA,66.98660113525133,66.98660113525133,NA,NA,NA,NA,kingdom,Eukaryota
242,Eukaryota,Ascomycota,Dothideomycetes,Dothideales,Dothioraceae,NA,100.00000000000004,100.00000000000004,89.794802068738,80.06022356017257,73.09338500953112,73.09338500953112,family,Dothioraceae
243,Eukaryota,NA,NA,NA,NA,NA,64.96328444564848,64.96328444564848,NA,NA,NA,NA,kingdom,Eukaryota
244,Eukaryota,NA,NA,NA,NA,NA,61.369103278086094,61.369103278086094,NA,NA,NA,NA,kingdom,Eukaryota
245,Eukaryota,Cercozoa,Thecofilosea,Cryomonadida,Rhizaspididae,Rhogostoma,77.94859345406911,69.57857763032384,63.66621566386221,63.66621566386221,63.66621566386221,63.66621566386221,genus,Rhogostoma
246,Eukaryota,NA,NA,NA,NA,NA,58.23621383205372,58.23621383205372,NA,NA,NA,NA,kingdom,Eukaryota
247,Eukaryota,Chytridiomycota,NA,Gromochytriales,Gromochytriaceae,NA,87.21205960783938,81.76465525032869,81.76465525032869,65.22336164894287,65.22336164894287,NA,family,Gromochytriaceae
248,Eukaryota,NA,NA,NA,NA,NA,66.90286649621208,66.90286649621208,NA,NA,NA,NA,kingdom,Eukaryota
249,Eukaryota,NA,NA,NA,NA,NA,63.17052089946406,63.17052089946406,NA,NA,NA,NA,kingdom,Eukaryota
250,Eukaryota,Ciliophora,Intramacronucleata,Spirotrichea,Hypotrichia,NA,91.07372873105511,90.49403433669892,90.49403433669892,90.49403433669892,88.72065617841676,NA,family,Hypotrichia
251,Eukaryota,Chytridiomycota,NA,Rhizophydiales,NA,NA,97.76284860166508,96.16942632124885,96.16942632124885,94.76015293679264,NA,NA,order,Rhizophydiales
252,Eukaryota,NA,NA,NA,NA,NA,61.98102424101489,61.98102424101489,NA,NA,NA,NA,kingdom,Eukaryota
253,Eukaryota,Ciliophora,Intramacronucleata,Spirotrichea,Hypotrichia,NA,85.16784459627755,85.16784459627755,85.16784459627755,85.16784459627755,80.72190186706528,NA,family,Hypotrichia
254,Eukaryota,Ochrophyta,Chrysophyceae,NA,NA,NA,77.37897024306764,75.42750434818389,69.7066210240248,NA,NA,NA,class,Chrysophyceae
255,Eukaryota,NA,NA,NA,NA,NA,68.19989473504495,68.19989473504495,NA,NA,NA,NA,kingdom,Eukaryota
256,Eukaryota,Basidiomycota,NA,NA,NA,NA,85.20293220242776,59.090639260349384,59.090639260349384,NA,NA,NA,phylum,Basidiomycota
257,Eukaryota,Chlorophyta,Trebouxiophyceae,NA,NA,NA,77.76760137521768,66.70876513592181,44.31204517129677,NA,NA,NA,class,Trebouxiophyceae
258,Eukaryota,Ascomycota,Eurotiomycetes,Chaetothyriales,NA,NA,85.3351964620061,82.10951446550605,79.09488694144777,73.22091040086964,73.22091040086964,NA,order,Chaetothyriales
259,Eukaryota,Protalveolata,Perkinsidae,A31,NA,NA,73.81012352944744,70.71850363260747,70.1816335761576,67.64438024832229,NA,NA,order,A31
260,Eukaryota,Ascomycota,Sordariomycetes,NA,NA,NA,97.48029145344498,96.66755703189276,80.62299485417587,80.62299485417587,NA,NA,class,Sordariomycetes
261,Eukaryota,NA,NA,NA,NA,NA,58.74122747024651,58.74122747024651,NA,NA,NA,NA,kingdom,Eukaryota
262,Eukaryota,Arthropoda,Insecta,Hymenoptera,NA,NA,92.11094448002252,66.76039269371135,66.76039269371135,62.26650148215707,NA,NA,order,Hymenoptera
263,Eukaryota,NA,NA,NA,NA,NA,60.8438340262097,60.8438340262097,NA,NA,NA,NA,kingdom,Eukaryota
264,Eukaryota,NA,NA,NA,NA,NA,65.88637479062088,65.88637479062088,NA,NA,NA,NA,kingdom,Eukaryota
265,Eukaryota,Ciliophora,Intramacronucleata,Litostomatea,Haptoria,NA,92.46273333869182,92.46273333869182,92.46273333869182,92.46273333869182,91.62800027084988,NA,family,Haptoria
266,Eukaryota,NA,NA,NA,NA,NA,52.91759409210657,52.91759409210657,NA,NA,NA,NA,kingdom,Eukaryota
267,Eukaryota,Basidiomycota,NA,NA,NA,NA,75.76123521415354,52.74660813768947,52.74660813768947,NA,NA,NA,phylum,Basidiomycota
268,Eukaryota,Ascomycota,Dothideomycetes,Pleosporales,NA,NA,99.99999999999999,97.33868573903796,88.25215989349277,77.7863771205754,77.7863771205754,NA,order,Pleosporales
269,Eukaryota,NA,NA,NA,NA,NA,77.45331190313067,77.45331190313067,NA,NA,NA,NA,kingdom,Eukaryota
270,Eukaryota,NA,NA,NA,NA,NA,60.60666519227124,60.60666519227124,NA,NA,NA,NA,kingdom,Eukaryota
271,Eukaryota,Ciliophora,Intramacronucleata,Litostomatea,Haptoria,NA,97.72197011382218,97.72197011382218,97.72197011382218,97.72197011382218,91.14742601532588,NA,family,Haptoria
272,Eukaryota,NA,NA,NA,NA,NA,65.0745145144813,65.0745145144813,NA,NA,NA,NA,kingdom,Eukaryota
273,Eukaryota,Basidiomycota,Microbotryomycetes,NA,NA,NA,91.22967360879835,90.57651054547023,63.81697146757292,63.81697146757292,NA,NA,class,Microbotryomycetes
274,Eukaryota,Rotifera,Monogononta,Ploimida,NA,NA,87.3801320749776,85.3199179245293,85.3199179245293,82.70786485151609,NA,NA,order,Ploimida
275,Eukaryota,Chlorophyta,Chlorophyceae,NA,NA,NA,74.9849258764532,56.59729985505539,55.950224626471915,NA,NA,NA,class,Chlorophyceae
276,Eukaryota,NA,NA,NA,NA,NA,55.84925906037929,55.84925906037929,NA,NA,NA,NA,kingdom,Eukaryota
277,Eukaryota,NA,NA,NA,NA,NA,59.44987886950133,59.44987886950133,NA,NA,NA,NA,kingdom,Eukaryota
278,Eukaryota,Ochrophyta,Xanthophyceae,Tribonematales,Tribonematales,Xanthonema,71.73631349345655,69.47775681878802,49.168579254913546,49.168579254913546,49.168579254913546,49.168579254913546,genus,Xanthonema
279,NA,NA,NA,NA,NA,NA,36.92117139339447,NA,NA,NA,NA,NA,unknown,unknown
280,Eukaryota,NA,NA,NA,NA,NA,65.0207538900025,65.0207538900025,NA,NA,NA,NA,kingdom,Eukaryota
281,Eukaryota,Ascomycota,Leotiomycetes,NA,NA,NA,99.50898556373546,99.50898556373546,63.141059048737525,63.141059048737525,NA,NA,class,Leotiomycetes
282,Eukaryota,NA,NA,NA,NA,NA,65.63587550018566,65.63587550018566,NA,NA,NA,NA,kingdom,Eukaryota
283,Eukaryota,Ascomycota,Eurotiomycetes,Chaetothyriales,Trichomeriaceae,NA,86.60182678536678,85.21047853436274,78.2343693041575,76.72710599781283,40.908095692900666,40.908095692900666,family,Trichomeriaceae
284,Eukaryota,NA,NA,NA,NA,NA,44.00312093619681,44.00312093619681,NA,NA,NA,NA,kingdom,Eukaryota
285,Eukaryota,Basidiomycota,Microbotryomycetes,Kriegeriales,NA,NA,92.02868791046579,91.34738067935436,84.7283386269635,46.66416041494261,46.66416041494261,NA,order,Kriegeriales
286,Eukaryota,NA,NA,NA,NA,NA,68.37129708710414,68.37129708710414,NA,NA,NA,NA,kingdom,Eukaryota
287,NA,NA,NA,NA,NA,NA,36.44422219129808,NA,NA,NA,NA,NA,unknown,unknown
288,Eukaryota,Chytridiomycota,NA,Rhizophydiales,NA,NA,91.82629793775668,90.20164125513794,83.11222422388836,73.84943883721824,NA,NA,order,Rhizophydiales
289,Eukaryota,NA,NA,NA,NA,NA,46.368702830026805,46.368702830026805,NA,NA,NA,NA,kingdom,Eukaryota
290,Eukaryota,Ascomycota,Dothideomycetes,Capnodiales,Cladosporiaceae,Cladosporium,99.99999999999997,99.99999999999997,88.26881642655904,79.63940316217115,59.661588195026226,52.80489852802924,genus,Cladosporium
291,Eukaryota,Chytridiomycota,NA,Rhizophydiales,Rhizophydiaceae,NA,89.71088636632061,89.71088636632061,88.01329545904163,80.04856168569603,76.37218001125615,NA,family,Rhizophydiaceae
292,Eukaryota,NA,NA,NA,NA,NA,62.29486377297569,62.29486377297569,NA,NA,NA,NA,kingdom,Eukaryota
293,Eukaryota,Chlorophyta,Chlorophyceae,Chlamydomonadales,Chlamydomonadales,Chloromonas,91.9389029229477,91.9389029229477,60.86489758799608,55.72932876490311,55.72932876490311,42.6158636419649,genus,Chloromonas
294,Eukaryota,Ascomycota,Dothideomycetes,NA,NA,NA,92.29694187284454,91.54387339412548,73.24576758128933,NA,NA,NA,class,Dothideomycetes
295,Eukaryota,Rotifera,Monogononta,Ploimida,NA,NA,78.8724405833526,73.40813705129737,73.40813705129737,68.29116591353521,NA,NA,order,Ploimida
296,Eukaryota,Basidiomycota,Tremellomycetes,Filobasidiales,NA,NA,98.00283232912919,97.2623002320187,84.14851616994505,64.8363257179823,64.8363257179823,NA,order,Filobasidiales
297,Eukaryota,Ciliophora,Intramacronucleata,Spirotrichea,Hypotrichia,NA,85.88422655877079,85.35270155590683,85.35270155590683,85.35270155590683,68.2611855964171,NA,family,Hypotrichia
298,Eukaryota,NA,NA,NA,NA,NA,62.88339007032414,62.88339007032414,NA,NA,NA,NA,kingdom,Eukaryota
299,Eukaryota,Chytridiomycota,NA,Rhizophydiales,NA,NA,94.81113169455541,93.36854217361176,92.60578154826817,86.58988552695116,NA,NA,order,Rhizophydiales
300,Eukaryota,Ascomycota,Lecanoromycetes,Caliciales,Caliciaceae,NA,96.67914452626081,96.67914452626081,78.81746044025088,44.2661270942277,44.2661270942277,44.2661270942277,family,Caliciaceae
301,Eukaryota,NA,NA,NA,NA,NA,60.982249429157356,60.982249429157356,NA,NA,NA,NA,kingdom,Eukaryota
302,Eukaryota,NA,NA,NA,NA,NA,61.72969152905888,61.72969152905888,NA,NA,NA,NA,kingdom,Eukaryota
303,Eukaryota,Annelida,Clitellata,Haplotaxida,NA,NA,92.4403144464518,85.27462718655215,82.74411398410328,61.96691869137068,NA,NA,order,Haplotaxida
304,Eukaryota,Tardigrada,Eutardigrada,Parachela,NA,NA,88.43867725493726,85.4381713234285,85.4381713234285,85.4381713234285,NA,NA,order,Parachela
305,Eukaryota,NA,NA,NA,NA,NA,61.72044853928692,61.72044853928692,NA,NA,NA,NA,kingdom,Eukaryota
306,Eukaryota,Ascomycota,Dothideomycetes,Capnodiales,NA,NA,97.91867658363701,97.91867658363701,90.86399488344868,83.19349748677422,83.19349748677422,NA,order,Capnodiales
307,Eukaryota,NA,NA,NA,NA,NA,67.42401595365912,67.42401595365912,NA,NA,NA,NA,kingdom,Eukaryota
308,Eukaryota,NA,NA,NA,NA,NA,65.23932928281668,65.23932928281668,NA,NA,NA,NA,kingdom,Eukaryota
309,Eukaryota,NA,NA,NA,NA,NA,63.2858895906882,63.2858895906882,NA,NA,NA,NA,kingdom,Eukaryota
310,Eukaryota,Ciliophora,Intramacronucleata,Conthreep,Prostomatea,Cryptocaryon,65.6861968868423,57.89218270316622,57.89218270316622,54.487550853131275,46.427441770042414,45.85646136364947,genus,Cryptocaryon
311,Eukaryota,NA,NA,NA,NA,NA,53.36028184625042,53.36028184625042,NA,NA,NA,NA,kingdom,Eukaryota
312,Eukaryota,Chlorophyta,Trebouxiophyceae,Trebouxiales,Trebouxiales,Trebouxia,100,100,44.47721369904204,42.17400764971987,42.17400764971987,42.17400764971987,genus,Trebouxia
313,Eukaryota,Chytridiomycota,NA,Chytridiales,Chytriomycetaceae,NA,69.89186804696685,63.53346130593208,62.969984184309304,62.27938668905387,51.71731983244165,NA,family,Chytriomycetaceae
314,Eukaryota,Ascomycota,NA,NA,NA,NA,98.20054516391306,98.20054516391306,98.20054516391306,NA,NA,NA,phylum,Ascomycota
315,Eukaryota,Ascomycota,Lecanoromycetes,Rhizocarpales,Rhizocarpaceae,Rhizocarpon,100.00000000000001,99.20915296753775,83.18241771563459,74.90092665702579,74.90092665702579,74.90092665702579,genus,Rhizocarpon
316,Eukaryota,Chytridiomycota,NA,Gromochytriales,Gromochytriaceae,NA,92.23890688872434,87.73699995214757,87.73699995214757,83.28951763228238,83.28951763228238,NA,family,Gromochytriaceae
317,Eukaryota,Phragmoplastophyta,Embryophyta,NA,NA,NA,100,100,100,100,NA,NA,class,Embryophyta
318,Eukaryota,Chytridiomycota,NA,NA,NA,NA,78.62939013544887,66.57954262446593,64.82934682698527,64.82934682698527,NA,NA,class,Incertae_Sedis
319,Eukaryota,NA,NA,NA,NA,NA,53.11264902038722,53.11264902038722,NA,NA,NA,NA,kingdom,Eukaryota
320,NA,NA,NA,NA,NA,NA,34.866620804568996,NA,NA,NA,NA,NA,unknown,unknown
321,Eukaryota,NA,NA,NA,NA,NA,64.73785357759495,64.73785357759495,NA,NA,NA,NA,kingdom,Eukaryota
322,Eukaryota,Chytridiomycota,NA,Rhizophydiales,NA,NA,92.2625533813013,90.27145265242,89.32931520860278,79.25658892744656,NA,NA,order,Rhizophydiales
323,Eukaryota,Basidiomycota,Microbotryomycetes,NA,NA,NA,84.95877334866677,67.0980241899303,48.2504129139231,48.2504129139231,NA,NA,class,Microbotryomycetes
324,Eukaryota,NA,NA,NA,NA,NA,47.61254444555052,47.61254444555052,NA,NA,NA,NA,kingdom,Eukaryota
325,NA,NA,NA,NA,NA,NA,35.59719019616862,NA,NA,NA,NA,NA,unknown,unknown
326,Eukaryota,NA,NA,NA,NA,NA,56.30430362421732,56.30430362421732,NA,NA,NA,NA,kingdom,Eukaryota
327,Eukaryota,NA,NA,NA,NA,NA,77.0581653521796,77.0581653521796,NA,NA,NA,NA,kingdom,Eukaryota
328,Eukaryota,Arthropoda,Insecta,NA,NA,NA,64.9679165379423,61.552579058959424,61.03039711681286,61.03039711681286,NA,NA,class,Insecta
329,Eukaryota,NA,NA,NA,NA,NA,62.08807722919353,62.08807722919353,NA,NA,NA,NA,kingdom,Eukaryota
330,Eukaryota,Ascomycota,Dothideomycetes,Pleosporales,NA,NA,63.06535854163518,59.3833482354705,50.11592475332269,47.85689151800884,47.85689151800884,NA,order,Pleosporales
331,Eukaryota,Ciliophora,Intramacronucleata,Conthreep,Oligohymenophorea,Stokesia,80.04066943478179,80.04066943478179,80.04066943478179,79.49108149462865,79.49108149462865,78.8212857790656,genus,Stokesia
332,Eukaryota,Phragmoplastophyta,Embryophyta,Pinales,Pinales,Abies,95.56570800035472,94.9499342042117,62.723803150595465,61.11418625068008,61.11418625068008,54.861327833541814,genus,Abies
333,Eukaryota,Chytridiomycota,NA,Rhizophydiales,NA,NA,93.6985775336388,89.95850122918992,89.95850122918992,78.58213601580157,NA,NA,order,Rhizophydiales
334,Eukaryota,Ascomycota,Eurotiomycetes,Chaetothyriales,Herpotrichiellaceae,NA,86.66735363426916,85.29437266527464,80.32307786441672,71.39558685429608,57.071250103957624,57.071250103957624,family,Herpotrichiellaceae
335,Eukaryota,Basidiomycota,NA,NA,NA,NA,77.14287831952011,71.30641256182739,71.30641256182739,NA,NA,NA,phylum,Basidiomycota
336,Eukaryota,NA,NA,NA,NA,NA,55.349751954862334,55.349751954862334,NA,NA,NA,NA,kingdom,Eukaryota
337,Eukaryota,Ascomycota,Dothideomycetes,Capnodiales,NA,NA,96.98159125780809,94.53028006641644,91.111151779823345,77.67678887279538,77.67678887279538,NA,order,Capnodiales
338,Eukaryota,Chytridiomycota,NA,Rhizophydiales,Rhizophydiaceae,NA,100.00000000000001,98.69746805351257,97.94766954657656,94.5606194950797,85.96835776409688,NA,family,Rhizophydiaceae
339,Eukaryota,Ascomycota,Dothideomycetes,NA,NA,NA,83.44055689918567,80.48104144476052,41.321115270596046,41.321115270596046,NA,NA,class,Dothideomycetes
340,Eukaryota,Ascomycota,Eurotiomycetes,Chaetothyriales,Herpotrichiellaceae,NA,86.96109400146855,86.2814181043473,81.80359873892532,80.96907850195565,62.85308300596748,62.85308300596748,family,Herpotrichiellaceae
341,Eukaryota,Basidiomycota,NA,NA,NA,NA,81.85629842261224,40.30027786173715,40.30027786173715,NA,NA,NA,phylum,Basidiomycota
342,Eukaryota,NA,NA,NA,NA,NA,61.071305611493955,61.071305611493955,NA,NA,NA,NA,kingdom,Eukaryota
343,NA,NA,NA,NA,NA,NA,34.99180729549457,NA,NA,NA,NA,NA,unknown,unknown
344,Eukaryota,NA,NA,NA,NA,NA,63.93806546626267,63.93806546626267,NA,NA,NA,NA,kingdom,Eukaryota
345,Eukaryota,Arthropoda,Ellipura,Collembola,NA,NA,84.46799672465679,81.29790874072589,77.67725286364713,77.67725286364713,NA,NA,order,Collembola
346,Eukaryota,Ascomycota,NA,NA,NA,NA,83.96621723817061,81.86760833439871,81.86760833439871,NA,NA,NA,phylum,Ascomycota
347,Eukaryota,Ciliophora,Intramacronucleata,Litostomatea,Haptoria,NA,89.64391053831875,89.64391053831875,89.64391053831875,89.64391053831875,87.57052747375744,NA,family,Haptoria
348,Eukaryota,NA,NA,NA,NA,NA,62.574218109622656,62.574218109622656,NA,NA,NA,NA,kingdom,Eukaryota
349,Eukaryota,Ascomycota,Lecanoromycetes,Lecanorales,Sphaerophoraceae,Sphaerophorus,100,100,92.39170883221524,91.3883704021071,80.7996631727747,70.20219231661123,genus,Sphaerophorus
350,Eukaryota,Ciliophora,Intramacronucleata,Conthreep,Oligohymenophorea,Stokesia,69.85186379538048,66.88294485916455,66.88294485916455,65.72592327080346,65.72592327080346,64.46622514696644,genus,Stokesia
351,Eukaryota,NA,NA,NA,NA,NA,57.28953656902666,57.28953656902666,NA,NA,NA,NA,kingdom,Eukaryota
352,Eukaryota,Rotifera,Monogononta,Ploimida,NA,NA,82.68056740556273,81.67106569428489,81.67106569428489,77.01722330473142,NA,NA,order,Ploimida
353,Eukaryota,Tardigrada,Eutardigrada,Parachela,NA,NA,100.00000000000003,100.00000000000003,100.00000000000003,100.00000000000003,NA,NA,order,Parachela
354,Eukaryota,Chlorophyta,Trebouxiophyceae,NA,NA,NA,93.93746575719965,93.93746575719965,92.33591020226878,NA,NA,NA,class,Trebouxiophyceae
355,Eukaryota,Chlorophyta,Chlorophyceae,NA,NA,NA,88.88895499564342,88.12456759130745,84.91326221210889,NA,NA,NA,class,Chlorophyceae
356,Eukaryota,NA,NA,NA,NA,NA,61.330213724573,61.330213724573,NA,NA,NA,NA,kingdom,Eukaryota
357,Eukaryota,Phragmoplastophyta,NA,NA,NA,NA,79.14020238000325,41.12465495070585,41.12465495070585,NA,NA,NA,phylum,Phragmoplastophyta
358,Eukaryota,NA,NA,NA,NA,NA,67.7150959163127,67.7150959163127,NA,NA,NA,NA,kingdom,Eukaryota
359,Eukaryota,NA,NA,NA,NA,NA,64.95506644061221,64.95506644061221,NA,NA,NA,NA,kingdom,Eukaryota
360,Eukaryota,Protalveolata,Perkinsidae,A31,NA,NA,73.85670100201231,62.897847954102836,59.794889892233215,57.55338335079205,NA,NA,order,A31
361,Eukaryota,NA,NA,NA,NA,NA,57.47750895634983,57.47750895634983,NA,NA,NA,NA,kingdom,Eukaryota
362,Eukaryota,NA,NA,NA,NA,NA,56.48929636427546,56.48929636427546,NA,NA,NA,NA,kingdom,Eukaryota
363,Eukaryota,NA,NA,NA,NA,NA,62.87824275154196,62.87824275154196,NA,NA,NA,NA,kingdom,Eukaryota
364,Eukaryota,NA,NA,NA,NA,NA,54.2015121856884,54.2015121856884,NA,NA,NA,NA,kingdom,Eukaryota
365,Eukaryota,Ciliophora,Intramacronucleata,Litostomatea,Haptoria,NA,95.84984396929343,95.84984396929343,95.84984396929343,95.84984396929343,73.22711182244781,NA,family,Haptoria
366,Eukaryota,Chytridiomycota,NA,Gromochytriales,Gromochytriaceae,NA,88.47182219654793,85.0025544143478,84.30633606009422,78.93828934754642,78.93828934754642,NA,family,Gromochytriaceae
367,Eukaryota,NA,NA,NA,NA,NA,48.38530758642406,48.38530758642406,NA,NA,NA,NA,kingdom,Eukaryota
368,Eukaryota,Ascomycota,Dothideomycetes,Dothideales,NA,NA,98.16699502069747,98.16699502069747,86.09066877879961,46.955459101619944,46.955459101619944,NA,order,Dothideales
369,Eukaryota,NA,NA,NA,NA,NA,63.0070183769391,63.0070183769391,NA,NA,NA,NA,kingdom,Eukaryota
370,Eukaryota,Protalveolata,NA,NA,NA,NA,64.95174793635675,42.92652426380259,42.92652426380259,NA,NA,NA,phylum,Protalveolata
371,Eukaryota,NA,NA,NA,NA,NA,58.844916177432985,58.844916177432985,NA,NA,NA,NA,kingdom,Eukaryota
372,Eukaryota,NA,NA,NA,NA,NA,63.27541485389896,63.27541485389896,NA,NA,NA,NA,kingdom,Eukaryota
373,Eukaryota,Basidiomycota,Agaricomycetes,NA,NA,NA,93.00661085729172,93.00661085729172,76.45721837339666,76.45721837339666,NA,NA,class,Agaricomycetes
374,Eukaryota,Rotifera,Monogononta,Ploimida,NA,NA,83.56390438299152,81.6878103888334,81.6878103888334,65.70722465990634,NA,NA,order,Ploimida
375,Eukaryota,Ciliophora,Intramacronucleata,Conthreep,Prostomatea,Cryptocaryon,66.73123040005996,58.180108718699046,58.180108718699046,56.812291041548676,49.88165328579415,49.37178539098262,genus,Cryptocaryon
376,NA,NA,NA,NA,NA,NA,36.83942820626347,NA,NA,NA,NA,NA,unknown,unknown
377,Eukaryota,NA,NA,NA,NA,NA,49.49909720023002,49.49909720023002,NA,NA,NA,NA,kingdom,Eukaryota
378,Eukaryota,Cercozoa,Glissomonadida,NA,NA,NA,85.84734413644975,85.84734413644975,85.84734413644975,NA,NA,NA,class,Glissomonadida
379,Eukaryota,Rotifera,Monogononta,Ploimida,NA,NA,89.08094652516841,88.4000384258774,88.4000384258774,79.15169855284825,NA,NA,order,Ploimida
380,NA,NA,NA,NA,NA,NA,32.90354600663544,NA,NA,NA,NA,NA,unknown,unknown
381,Eukaryota,Basidiomycota,Tremellomycetes,Cystofilobasidiales,Mrakiaceae,Mrakia,100,100,81.7491819666856,81.7491819666856,81.7491819666856,53.97081959753467,genus,Mrakia
382,Eukaryota,Ascomycota,NA,NA,NA,NA,91.34008589667937,61.60040186675187,61.60040186675187,NA,NA,NA,phylum,Ascomycota
383,Eukaryota,Basidiomycota,Microbotryomycetes,NA,NA,NA,82.89959681873489,61.39300415883108,47.53605406769871,47.53605406769871,NA,NA,class,Microbotryomycetes
384,Eukaryota,NA,NA,NA,NA,NA,62.79077916223018,62.79077916223018,NA,NA,NA,NA,kingdom,Eukaryota
385,Eukaryota,Chlorophyta,Chlorophyceae,NA,NA,NA,83.19489046899912,82.08557045977727,51.89134024037705,51.89134024037705,NA,NA,class,Chlorophyceae
386,Eukaryota,Chlorophyta,Chlorophyceae,NA,NA,NA,90.57839723088853,90.57839723088853,89.03148304384952,NA,NA,NA,class,Chlorophyceae
387,Eukaryota,NA,NA,NA,NA,NA,46.35334955155864,46.35334955155864,NA,NA,NA,NA,kingdom,Eukaryota
388,Eukaryota,NA,NA,NA,NA,NA,52.73913005336159,52.73913005336159,NA,NA,NA,NA,kingdom,Eukaryota
389,Eukaryota,NA,NA,NA,NA,NA,66.64646134915499,66.64646134915499,NA,NA,NA,NA,kingdom,Eukaryota
390,Eukaryota,Chytridiomycota,NA,Gromochytriales,Gromochytriaceae,NA,93.55165540024817,91.61085906777514,91.61085906777514,88.5438574364617,88.5438574364617,NA,family,Gromochytriaceae
391,Eukaryota,Chytridiomycota,NA,Gromochytriales,Gromochytriaceae,NA,81.65054564347244,76.52599139581403,76.52599139581403,67.7859975139956,67.7859975139956,NA,family,Gromochytriaceae
392,Eukaryota,Rotifera,Monogononta,Ploimida,NA,NA,86.40414436819165,80.1099495645103,80.1099495645103,78.45615728312733,NA,NA,order,Ploimida
393,Eukaryota,NA,NA,NA,NA,NA,67.70615664377947,67.70615664377947,NA,NA,NA,NA,kingdom,Eukaryota
394,Eukaryota,Ciliophora,Intramacronucleata,Spirotrichea,Hypotrichia,Urostyla,87.47576318030634,86.82014839874483,86.82014839874483,86.82014839874483,86.82014839874483,65.94746974531446,genus,Urostyla
395,Eukaryota,Cercozoa,Cercomonadidae,Cercomonadidae_or,Cercomonadidae,NA,67.41052690763289,54.4372939658865,53.32529437884339,53.32529437884339,53.32529437884339,NA,family,Cercomonadidae_fa
396,Eukaryota,NA,NA,NA,NA,NA,54.98201232325061,54.98201232325061,NA,NA,NA,NA,kingdom,Eukaryota
397,Eukaryota,Arthropoda,Ellipura,Collembola,NA,NA,98.38535558606684,97.57066718554567,97.57066718554567,97.57066718554567,NA,NA,order,Collembola
398,Eukaryota,Ascomycota,Eurotiomycetes,Chaetothyriales,Herpotrichiellaceae,NA,99.99999999999999,98.64507111468494,98.64507111468494,96.73312027306936,91.08029653464827,NA,family,Herpotrichiellaceae
399,Eukaryota,NA,NA,NA,NA,NA,58.95214672792137,58.95214672792137,NA,NA,NA,NA,kingdom,Eukaryota
400,Eukaryota,NA,NA,NA,NA,NA,53.13740463668578,53.13740463668578,NA,NA,NA,NA,kingdom,Eukaryota
401,Eukaryota,NA,NA,NA,NA,NA,55.083639662301174,55.083639662301174,NA,NA,NA,NA,kingdom,Eukaryota
402,Eukaryota,NA,NA,NA,NA,NA,62.960963286768916,62.960963286768916,NA,NA,NA,NA,kingdom,Eukaryota
403,Eukaryota,NA,NA,NA,NA,NA,51.328943423769566,51.328943423769566,NA,NA,NA,NA,kingdom,Eukaryota
404,Eukaryota,NA,NA,NA,NA,NA,44.52767638823648,44.52767638823648,NA,NA,NA,NA,kingdom,Eukaryota
405,Eukaryota,Ciliophora,Intramacronucleata,Litostomatea,Haptoria,NA,89.7000334638582,89.7000334638582,89.7000334638582,89.7000334638582,84.1175197726932,NA,family,Haptoria
406,Eukaryota,Ascomycota,Leotiomycetes,NA,NA,NA,92.8391000823279,91.1456131128861,52.75934705038445,NA,NA,NA,class,Leotiomycetes
407,Eukaryota,Ascomycota,Eurotiomycetes,Chaetothyriales,Herpotrichiellaceae,NA,83.91708595055769,79.74770064292194,71.1524279435357,64.2697687980434,47.25971192581746,NA,family,Herpotrichiellaceae
408,Eukaryota,NA,NA,NA,NA,NA,66.84376824660843,66.84376824660843,NA,NA,NA,NA,kingdom,Eukaryota
409,Eukaryota,Chlorophyta,Chlorophyceae,NA,NA,NA,79.73341380536806,78.58739413429149,59.76417755976706,59.76417755976706,NA,NA,class,Chlorophyceae
410,Eukaryota,Basidiomycota,NA,NA,NA,NA,81.42068825744177,60.66172493639886,60.66172493639886,NA,NA,NA,phylum,Basidiomycota
411,Eukaryota,NA,NA,NA,NA,NA,56.04770328448303,56.04770328448303,NA,NA,NA,NA,kingdom,Eukaryota
412,Eukaryota,NA,NA,NA,NA,NA,51.10085017266517,51.10085017266517,NA,NA,NA,NA,kingdom,Eukaryota
413,Bacteria,Proteobacteria,Gammaproteobacteria,Pseudomonadales,Pseudomonadaceae,Pseudomonas,99.99999999999997,99.99999999999997,99.99999999999997,91.40936450808809,91.40936450808809,89.55284871286545,genus,Pseudomonas
414,Eukaryota,Ascomycota,Dothideomycetes,Capnodiales,NA,NA,86.86158809153387,83.71441096623484,67.24749811361744,51.537977814932944,51.537977814932944,NA,order,Capnodiales
415,Eukaryota,Chytridiomycota,NA,Gromochytriales,Gromochytriaceae,NA,84.05121835021957,74.10639794859145,73.225115756384,58.339021777304346,58.339021777304346,NA,family,Gromochytriaceae
416,Eukaryota,NA,NA,NA,NA,NA,60.233376602587555,60.233376602587555,NA,NA,NA,NA,kingdom,Eukaryota
417,Eukaryota,Chlorophyta,Chlorophyceae,NA,NA,NA,56.42988247082394,53.00103075051285,42.90858843123223,42.90858843123223,NA,NA,class,Chlorophyceae
418,Eukaryota,NA,NA,NA,NA,NA,67.66003678761669,67.66003678761669,NA,NA,NA,NA,kingdom,Eukaryota
419,Eukaryota,NA,NA,NA,NA,NA,61.65462308705173,61.65462308705173,NA,NA,NA,NA,kingdom,Eukaryota
420,Eukaryota,NA,NA,NA,NA,NA,63.152000637512415,63.152000637512415,NA,NA,NA,NA,kingdom,Eukaryota
421,Eukaryota,Cercozoa,Glissomonadida,NA,NA,NA,78.82563245368011,77.14478165872632,77.14478165872632,NA,NA,NA,class,Glissomonadida
422,Eukaryota,Rotifera,Monogononta,Ploimida,NA,NA,84.73337311872767,82.60695155270068,82.60695155270068,79.4572408226525,NA,NA,order,Ploimida
423,Eukaryota,Ciliophora,Intramacronucleata,Litostomatea,Haptoria,NA,95.7465674540197,95.7465674540197,95.7465674540197,95.01832045169121,90.43196228921455,NA,family,Haptoria
424,Eukaryota,Basidiomycota,Microbotryomycetes,NA,NA,NA,83.2984865163749,83.2984865163749,58.473493052921214,58.473493052921214,NA,NA,class,Microbotryomycetes
425,Eukaryota,NA,NA,NA,NA,NA,59.52709230373609,59.52709230373609,NA,NA,NA,NA,kingdom,Eukaryota
426,Eukaryota,NA,NA,NA,NA,NA,63.66559805712834,63.66559805712834,NA,NA,NA,NA,kingdom,Eukaryota
427,Eukaryota,Basidiomycota,Tremellomycetes,Tremellales,Bulleribasidiaceae,Vishniacozyma,91.17911327573547,86.16156857698937,75.98500134468453,58.897026423971596,42.983181368205614,41.1818731130535,genus,Vishniacozyma
428,Eukaryota,Chytridiomycota,NA,Monoblepharidales,Incertae_Sedis,Hyaloraphidium,74.30981465114536,65.52189229244863,65.52189229244863,49.0511442405011,49.0511442405011,49.0511442405011,genus,Hyaloraphidium
429,Eukaryota,NA,NA,NA,NA,NA,47.944809010486,47.944809010486,NA,NA,NA,NA,kingdom,Eukaryota
430,Eukaryota,Ciliophora,Intramacronucleata,Litostomatea,Haptoria,NA,87.39229061427156,87.39229061427156,87.39229061427156,87.39229061427156,85.92020059043223,NA,family,Haptoria
431,NA,NA,NA,NA,NA,NA,31.753518548097894,NA,NA,NA,NA,NA,unknown,unknown
432,Eukaryota,Ascomycota,Eurotiomycetes,Chaetothyriales,NA,NA,74.35930694962049,66.47498780117513,55.64256610800147,50.1274648921188,50.1274648921188,NA,order,Chaetothyriales
433,Eukaryota,NA,NA,NA,NA,NA,67.96734675704057,67.96734675704057,NA,NA,NA,NA,kingdom,Eukaryota
434,Eukaryota,NA,NA,NA,NA,NA,63.325351568330646,63.325351568330646,NA,NA,NA,NA,kingdom,Eukaryota
435,NA,NA,NA,NA,NA,NA,32.085940071921776,NA,NA,NA,NA,NA,unknown,unknown
436,Eukaryota,Phragmoplastophyta,NA,NA,NA,NA,73.571406739421775,52.07409794373234,52.07409794373234,NA,NA,NA,phylum,Phragmoplastophyta
437,Eukaryota,Basidiomycota,Microbotryomycetes,NA,NA,NA,77.0860692004009,59.14024169211063,52.91712718180261,52.91712718180261,NA,NA,class,Microbotryomycetes
438,NA,NA,NA,NA,NA,NA,38.07708950593833,NA,NA,NA,NA,NA,unknown,unknown
439,Eukaryota,NA,NA,NA,NA,NA,54.73131267040248,54.73131267040248,NA,NA,NA,NA,kingdom,Eukaryota
440,NA,NA,NA,NA,NA,NA,38.254089544525044,NA,NA,NA,NA,NA,unknown,unknown
441,NA,NA,NA,NA,NA,NA,38.36465063893158,NA,NA,NA,NA,NA,unknown,unknown
442,Eukaryota,Chlorophyta,NA,NA,NA,NA,57.32314300882834,52.37046967189371,52.37046967189371,NA,NA,NA,phylum,Chlorophyta_ph
443,Eukaryota,Ascomycota,NA,NA,NA,NA,62.1306344812626,57.620928087791924,57.620928087791924,NA,NA,NA,phylum,Ascomycota
444,Eukaryota,NA,NA,NA,NA,NA,60.72772250695383,60.72772250695383,NA,NA,NA,NA,kingdom,Eukaryota
445,Eukaryota,Chlorophyta,Trebouxiophyceae,NA,NA,NA,73.03817235976828,69.58630518175079,48.576040824004146,NA,NA,NA,class,Trebouxiophyceae
446,Eukaryota,Peronosporomycetes,Peronosporomycetes_cl,Peronosporomycetes_or,Peronosporomycetes,Aphanomyces,100.00000000000003,77.69233141661852,77.69233141661852,77.69233141661852,77.69233141661852,41.18297515918346,genus,Aphanomyces
447,Eukaryota,NA,NA,NA,NA,NA,46.31009265839677,46.31009265839677,NA,NA,NA,NA,kingdom,Eukaryota
448,Eukaryota,Ascomycota,Dothideomycetes,Venturiales,Sympoventuriaceae,Ochroconis,79.19925310844114,78.5545270075685,73.40276993946732,61.78962618421602,40.66021257360652,40.66021257360652,genus,Ochroconis
449,NA,NA,NA,NA,NA,NA,39.76522170724979,NA,NA,NA,NA,NA,unknown,unknown
450,Eukaryota,NA,NA,NA,NA,NA,61.1555667505443,61.1555667505443,NA,NA,NA,NA,kingdom,Eukaryota
451,Eukaryota,Vertebrata,Mammalia,NA,NA,NA,100,56.69897102331101,41.60056130268312,NA,NA,NA,class,Mammalia
452,Eukaryota,Chytridiomycota,NA,Gromochytriales,Gromochytriaceae,NA,88.16783497089816,83.37323400140491,81.33503859988888,70.49944395148505,70.49944395148505,NA,family,Gromochytriaceae
453,Eukaryota,Ochrophyta,Chrysophyceae,NA,NA,NA,76.66428859542708,66.7575312103434,57.619468918446806,57.619468918446806,NA,NA,class,Chrysophyceae
454,Eukaryota,Basidiomycota,Ustilaginomycetes,Ustilaginales,Ustilaginaceae,NA,94.00138819675855,94.00138819675855,94.00138819675855,94.00138819675855,94.00138819675855,NA,family,Ustilaginaceae
455,NA,NA,NA,NA,NA,NA,39.336436788688424,NA,NA,NA,NA,NA,unknown,unknown
456,Eukaryota,Phragmoplastophyta,Embryophyta,Orthotrichales,Orthotrichales,Niphotrichum,100.00000000000001,100.00000000000001,97.13188494753844,74.59078613829008,74.59078613829008,72.65455561218366,genus,Niphotrichum
457,NA,NA,NA,NA,NA,NA,33.316981348230456,NA,NA,NA,NA,NA,unknown,unknown
458,Eukaryota,Cercozoa,Cercomonadidae,Cercomonadidae_or,Cercomonadidae,Cercomonas,64.37989710444857,48.35969814040614,47.24789815963467,47.24789815963467,46.649757600875255,44.74019356444474,genus,Cercomonas
459,NA,NA,NA,NA,NA,NA,37.004337262910106,NA,NA,NA,NA,NA,unknown,unknown
460,NA,NA,NA,NA,NA,NA,39.29944494765745,NA,NA,NA,NA,NA,unknown,unknown
461,Eukaryota,NA,NA,NA,NA,NA,65.06807092339866,65.06807092339866,NA,NA,NA,NA,kingdom,Eukaryota
462,Eukaryota,NA,NA,NA,NA,NA,59.248403999732155,59.248403999732155,NA,NA,NA,NA,kingdom,Eukaryota
463,Eukaryota,Rotifera,Monogononta,Ploimida,NA,NA,80.4799271247323,72.45692831034273,72.45692831034273,54.30373461526585,NA,NA,order,Ploimida
464,Eukaryota,Ascomycota,NA,NA,NA,NA,77.91932139063823,70.52681268727923,70.52681268727923,NA,NA,NA,phylum,Ascomycota
465,Eukaryota,Ascomycota,Dothideomycetes,Capnodiales,Extremaceae,NA,100.00000000000001,100.00000000000001,93.28939570712541,86.19226246857161,75.56742074527537,NA,family,Extremaceae
466,Eukaryota,Chytridiomycota,NA,Monoblepharidales,Incertae_Sedis,Hyaloraphidium,78.81422833989764,75.08042773607107,75.08042773607107,59.47983539714951,59.47983539714951,59.47983539714951,genus,Hyaloraphidium
467,Eukaryota,Basidiomycota,Microbotryomycetes,NA,NA,NA,100,100,96.5079549597043,NA,NA,NA,class,Microbotryomycetes
468,Eukaryota,NA,NA,NA,NA,NA,63.87475798238558,63.87475798238558,NA,NA,NA,NA,kingdom,Eukaryota
469,Eukaryota,Ciliophora,Intramacronucleata,Conthreep,Oligohymenophorea,NA,57.78461093025296,47.22962500654855,47.22962500654855,46.72778168643655,45.53797022831224,45.53797022831224,family,Oligohymenophorea
470,Eukaryota,NA,NA,NA,NA,NA,47.45078813164157,47.45078813164157,NA,NA,NA,NA,kingdom,Eukaryota
471,Eukaryota,Protalveolata,Perkinsidae,A31,NA,NA,74.67390628958672,69.69832056878448,64.17323135327712,64.17323135327712,NA,NA,order,A31
472,Eukaryota,Opisthokonta,Aphelidea,Aphelidea_or,Aphelidea,Paraphelidium,69.59283901260143,53.54936780690812,53.54936780690812,53.54936780690812,52.3689100797568,52.3689100797568,genus,Paraphelidium
473,Eukaryota,Ciliophora,Intramacronucleata,Conthreep,Oligohymenophorea,Stokesia,62.39487733077268,57.26546416205288,56.773129860665144,56.214931213973585,54.49027411260364,54.49027411260364,genus,Stokesia
474,Eukaryota,Ascomycota,NA,NA,NA,NA,90.8762978886398,90.2433258468897,90.2433258468897,NA,NA,NA,phylum,Ascomycota
475,Eukaryota,NA,NA,NA,NA,NA,59.867534098370484,59.867534098370484,NA,NA,NA,NA,kingdom,Eukaryota
476,Eukaryota,Chytridiomycota,NA,NA,NA,NA,76.49263720048681,44.72461412872395,44.72461412872395,44.72461412872395,NA,NA,class,Incertae_Sedis
477,Eukaryota,Cercozoa,Glissomonadida,NA,NA,NA,88.04074783724668,88.04074783724668,88.04074783724668,NA,NA,NA,class,Glissomonadida
478,Eukaryota,Ascomycota,Dothideomycetes,NA,NA,NA,68.19482615061268,62.847825409139844,50.00287878176296,50.00287878176296,NA,NA,class,Dothideomycetes
479,Eukaryota,Ascomycota,Dothideomycetes,Pleosporales,NA,NA,98.86790788122117,97.84956281316185,51.64988113926633,45.65121541606044,45.65121541606044,NA,order,Pleosporales
480,Eukaryota,Phragmoplastophyta,Embryophyta,NA,NA,NA,99.99999999999997,99.99999999999997,99.99999999999997,NA,NA,NA,class,Embryophyta
481,Eukaryota,NA,NA,NA,NA,NA,63.546645195169916,63.546645195169916,NA,NA,NA,NA,kingdom,Eukaryota
482,Eukaryota,Basidiomycota,NA,NA,NA,NA,81.39435902195295,79.11411741939465,79.11411741939465,NA,NA,NA,phylum,Basidiomycota
483,Eukaryota,NA,NA,NA,NA,NA,63.53906552704483,63.53906552704483,NA,NA,NA,NA,kingdom,Eukaryota
484,Eukaryota,Chytridiomycota,NA,NA,NA,NA,74.4936878287254,64.84489236222109,63.56936297528694,63.56936297528694,NA,NA,class,Incertae_Sedis
485,NA,NA,NA,NA,NA,NA,32.141303405815776,NA,NA,NA,NA,NA,unknown,unknown
486,Eukaryota,NA,NA,NA,NA,NA,56.525067989449255,56.525067989449255,NA,NA,NA,NA,kingdom,Eukaryota
487,Eukaryota,NA,NA,NA,NA,NA,50.954982729084655,50.954982729084655,NA,NA,NA,NA,kingdom,Eukaryota
488,Eukaryota,NA,NA,NA,NA,NA,46.41266739392028,46.41266739392028,NA,NA,NA,NA,kingdom,Eukaryota
489,Eukaryota,Basidiomycota,Agaricomycetes,Polyporales,NA,NA,99.99999999999997,99.36180051824086,99.36180051824086,68.3415360613664,NA,NA,order,Polyporales
490,Eukaryota,Chlorophyta,NA,NA,NA,NA,66.34135591345682,53.562494397552186,53.562494397552186,NA,NA,NA,phylum,Chlorophyta_ph
491,Eukaryota,NA,NA,NA,NA,NA,67.00839550162638,67.00839550162638,NA,NA,NA,NA,kingdom,Eukaryota
492,Eukaryota,Cercozoa,Glissomonadida,NA,NA,NA,79.23667242818006,78.68394694336516,77.06783507006996,NA,NA,NA,class,Glissomonadida
493,Eukaryota,NA,NA,NA,NA,NA,60.45241430035673,60.45241430035673,NA,NA,NA,NA,kingdom,Eukaryota
494,Eukaryota,NA,NA,NA,NA,NA,47.06269550827916,47.06269550827916,NA,NA,NA,NA,kingdom,Eukaryota
495,Eukaryota,Chlorophyta,Chlorophyceae,NA,NA,NA,77.91048306667933,75.276975107133,68.59076537251414,NA,NA,NA,class,Chlorophyceae
496,Eukaryota,NA,NA,NA,NA,NA,62.53565208567734,62.53565208567734,NA,NA,NA,NA,kingdom,Eukaryota
497,Eukaryota,NA,NA,NA,NA,NA,56.57699375749229,56.57699375749229,NA,NA,NA,NA,kingdom,Eukaryota
498,NA,NA,NA,NA,NA,NA,30.41195938415557,NA,NA,NA,NA,NA,unknown,unknown
499,Eukaryota,NA,NA,NA,NA,NA,67.75480352513485,67.75480352513485,NA,NA,NA,NA,kingdom,Eukaryota
500,Eukaryota,Ciliophora,Intramacronucleata,Conthreep,Prostomatea,Cryptocaryon,67.37669851224659,51.532967406201834,51.532967406201834,45.315238017969776,40.96200404900079,40.96200404900079,genus,Cryptocaryon
501,Eukaryota,NA,NA,NA,NA,NA,47.49846595779838,47.49846595779838,NA,NA,NA,NA,kingdom,Eukaryota
502,Eukaryota,Chlorophyta,Chlorophyceae,Chlamydomonadales,Chlamydomonadales,NA,71.55447787056303,63.1577721014209,53.150530455724244,43.08078850722457,43.08078850722457,43.08078850722457,family,Chlamydomonadales_fa
503,Eukaryota,Ascomycota,Dothideomycetes,Dothideales,Dothioraceae,NA,97.13913495040238,97.13913495040238,83.53358159624604,56.50463397996713,54.655351918461285,54.655351918461285,family,Dothioraceae
504,NA,NA,NA,NA,NA,NA,32.284881510698476,NA,NA,NA,NA,NA,unknown,unknown
505,Eukaryota,Ciliophora,Intramacronucleata,Conthreep,Oligohymenophorea,NA,59.623155337239716,50.864810254163274,50.43995463704779,47.505896002596856,45.079577271803004,45.079577271803004,family,Oligohymenophorea
506,Eukaryota,NA,NA,NA,NA,NA,63.69826207053565,63.69826207053565,NA,NA,NA,NA,kingdom,Eukaryota
507,Eukaryota,Basidiomycota,Microbotryomycetes,NA,NA,NA,86.40736808214996,85.60672767845122,63.31152133118054,63.31152133118054,NA,NA,class,Microbotryomycetes
508,Eukaryota,Chlorophyta,Chlorophyceae,NA,NA,NA,80.89333536668494,75.96222944858823,69.43464097445946,NA,NA,NA,class,Chlorophyceae
509,Eukaryota,Tardigrada,Eutardigrada,Parachela,NA,NA,85.89191463364592,83.89518479978527,83.89518479978527,83.89518479978527,NA,NA,order,Parachela
510,Eukaryota,Mucoromycota,NA,Mortierellales,Mortierellaceae,Mortierella,100,98.60502549148669,98.60502549148669,75.84818051702239,75.84818051702239,47.04907341585065,genus,Mortierella
511,Eukaryota,Ascomycota,Taphrinomycetes,Taphrinales,Taphrinaceae,Taphrina,100.00000000000003,100.00000000000003,98.23224704767891,59.007952871316434,55.41306018320744,55.41306018320744,genus,Taphrina
512,Eukaryota,NA,NA,NA,NA,NA,51.55114434777083,51.55114434777083,NA,NA,NA,NA,kingdom,Eukaryota
513,Eukaryota,Chlorophyta,Chlorophyceae,Chlamydomonadales,Chlamydomonadales,Chloromonas,99.53981334333784,99.53981334333784,64.66039655453677,62.98845679676027,62.98845679676027,43.91491677232143,genus,Chloromonas
514,NA,NA,NA,NA,NA,NA,27.102797596739705,NA,NA,NA,NA,NA,unknown,unknown
515,Eukaryota,Phragmoplastophyta,Embryophyta,NA,NA,NA,95.23381186301194,93.24641195844522,92.28829893446405,92.28829893446405,NA,NA,class,Embryophyta
516,Eukaryota,Arthropoda,Maxillopoda,NA,NA,NA,74.32802160153237,70.00275869394032,50.90557958751997,50.90557958751997,NA,NA,class,Maxillopoda
517,Eukaryota,Ciliophora,Intramacronucleata,Litostomatea,Haptoria,NA,87.33793532740424,86.83883268103405,86.83883268103405,86.83883268103405,86.02699158580823,NA,family,Haptoria
518,Eukaryota,NA,NA,NA,NA,NA,72.92410385157234,72.92410385157234,NA,NA,NA,NA,kingdom,Eukaryota
519,Eukaryota,NA,NA,NA,NA,NA,62.41313569863321,62.41313569863321,NA,NA,NA,NA,kingdom,Eukaryota
520,Eukaryota,Cercozoa,Glissomonadida,NA,NA,NA,82.12015259814274,81.61846695576531,81.61846695576531,NA,NA,NA,class,Glissomonadida
521,Eukaryota,NA,NA,NA,NA,NA,51.12523739629547,51.12523739629547,NA,NA,NA,NA,kingdom,Eukaryota
522,Eukaryota,Chytridiomycota,NA,Monoblepharidales,Incertae_Sedis,Hyaloraphidium,78.63846102269291,70.65368017237473,70.65368017237473,49.703877250226455,49.070471347052745,49.070471347052745,genus,Hyaloraphidium
523,Eukaryota,NA,NA,NA,NA,NA,60.034398445765916,60.034398445765916,NA,NA,NA,NA,kingdom,Eukaryota
524,Eukaryota,Arthropoda,Arachnida,NA,NA,NA,61.29733689569282,52.47237512213934,52.03237001260479,NA,NA,NA,class,Arachnida
525,Eukaryota,NA,NA,NA,NA,NA,52.29319407001588,52.29319407001588,NA,NA,NA,NA,kingdom,Eukaryota
526,NA,NA,NA,NA,NA,NA,30.1102213505252,NA,NA,NA,NA,NA,unknown,unknown
527,Eukaryota,NA,NA,NA,NA,NA,65.62625718224415,65.62625718224415,NA,NA,NA,NA,kingdom,Eukaryota
528,Eukaryota,NA,NA,NA,NA,NA,66.3996980434067,66.3996980434067,NA,NA,NA,NA,kingdom,Eukaryota
529,NA,NA,NA,NA,NA,NA,32.93027464778392,NA,NA,NA,NA,NA,unknown,unknown
530,Eukaryota,Chlorophyta,Trebouxiophyceae,Microthamniales,Microthamniales,Elliptochloris,96.52205838416658,96.52205838416658,87.75667404889029,74.76069645937437,74.76069645937437,72.28657788499554,genus,Elliptochloris
531,Eukaryota,Ascomycota,Dothideomycetes,NA,NA,NA,86.26437622945362,84.6095640899748,57.73288882244659,57.73288882244659,NA,NA,class,Dothideomycetes
532,NA,NA,NA,NA,NA,NA,36.018092245157504,NA,NA,NA,NA,NA,unknown,unknown
533,Eukaryota,NA,NA,NA,NA,NA,58.92424265917274,58.92424265917274,NA,NA,NA,NA,kingdom,Eukaryota
534,NA,NA,NA,NA,NA,NA,35.01250672498143,NA,NA,NA,NA,NA,unknown,unknown
535,NA,NA,NA,NA,NA,NA,32.00301738377319,NA,NA,NA,NA,NA,unknown,unknown
536,Eukaryota,Ciliophora,Intramacronucleata,Spirotrichea,Hypotrichia,Urostyla,90.35613419791234,89.72650375712237,89.72650375712237,89.72650375712237,89.72650375712237,63.287922381204545,genus,Urostyla
537,Eukaryota,Ciliophora,Intramacronucleata,Conthreep,Oligohymenophorea,Stokesia,71.20137346279543,67.39753129576339,67.39753129576339,66.84583938424228,66.84583938424228,66.84583938424228,genus,Stokesia
538,NA,NA,NA,NA,NA,NA,31.032440536718557,NA,NA,NA,NA,NA,unknown,unknown
539,Eukaryota,Apicomplexa,Conoidasida,NA,NA,NA,63.564594847783205,42.622215394620596,40.90718191025627,40.90718191025627,NA,NA,class,Conoidasida
540,NA,NA,NA,NA,NA,NA,26.753332221293068,NA,NA,NA,NA,NA,unknown,unknown
541,Eukaryota,Chytridiomycota,NA,NA,NA,NA,67.79797816839653,40.082688714849375,40.082688714849375,40.082688714849375,NA,NA,class,Incertae_Sedis
542,NA,NA,NA,NA,NA,NA,31.380596667251158,NA,NA,NA,NA,NA,unknown,unknown
543,Eukaryota,Ascomycota,NA,NA,NA,NA,94.70273293938601,90.93215337036474,90.93215337036474,NA,NA,NA,phylum,Ascomycota
544,Eukaryota,Basidiomycota,Tremellomycetes,Cystofilobasidiales,Mrakiaceae,Mrakia,98.50798014725225,97.79064683375184,84.69520634338681,83.79519110930346,83.79519110930346,45.72364455595205,genus,Mrakia
545,Eukaryota,Basidiomycota,Microbotryomycetes,NA,NA,NA,89.67087451298917,89.67087451298917,59.452228259722446,59.452228259722446,NA,NA,class,Microbotryomycetes
546,Eukaryota,Basidiomycota,Microbotryomycetes,NA,NA,NA,85.62681433177157,83.17522563789132,42.7032413402795,42.7032413402795,NA,NA,class,Microbotryomycetes
547,Eukaryota,Chlorophyta,NA,NA,NA,NA,70.74504786054409,42.36027917441404,42.36027917441404,NA,NA,NA,phylum,Chlorophyta_ph
548,Eukaryota,NA,NA,NA,NA,NA,72.46992792228683,72.46992792228683,NA,NA,NA,NA,kingdom,Eukaryota
549,Eukaryota,Ciliophora,Intramacronucleata,Conthreep,NA,NA,63.45898120635238,50.068923945165224,50.068923945165224,47.61175217153695,47.61175217153695,NA,order,Conthreep
550,Eukaryota,Basidiomycota,NA,NA,NA,NA,54.037826557519566,40.39555453304397,40.39555453304397,NA,NA,NA,phylum,Basidiomycota
551,Eukaryota,Ascomycota,NA,NA,NA,NA,81.834539526094,74.28820084743519,74.28820084743519,NA,NA,NA,phylum,Ascomycota
552,Eukaryota,Ascomycota,Sordariomycetes,Hypocreales,NA,NA,72.00274491181196,71.44653377575025,63.88858099909752,58.97640744274246,58.97640744274246,NA,order,Hypocreales
553,Eukaryota,Protalveolata,Perkinsidae,A31,NA,NA,77.4174769989936,72.97645901827488,71.08302745226476,69.00895178833731,NA,NA,order,A31
554,Bacteria,Actinobacteria,Actinobacteria,Frankiales,NA,NA,92.70431613194965,92.70431613194965,87.892439719607,58.457072094798946,NA,NA,order,Frankiales
555,Eukaryota,Ciliophora,Intramacronucleata,Conthreep,Oligohymenophorea,Stokesia,72.23331891027442,70.78177970716122,70.78177970716122,69.53272034733823,69.53272034733823,67.81246279421138,genus,Stokesia
556,Eukaryota,Ascomycota,NA,NA,NA,NA,65.45504295800072,41.53752956680739,41.53752956680739,NA,NA,NA,phylum,Ascomycota
557,Eukaryota,Phragmoplastophyta,Embryophyta,Pinales,Pinales,Abies,88.31526535266154,85.69696829038365,60.05537143659973,56.463517613192764,56.463517613192764,51.48487837083918,genus,Abies
558,Eukaryota,Phragmoplastophyta,Embryophyta,Pinales,Pinales,Abies,82.65951214686235,82.11782960862335,54.304292210836,52.34380693926477,52.34380693926477,40.50962484302027,genus,Abies
559,Eukaryota,NA,NA,NA,NA,NA,47.91148918744885,47.91148918744885,NA,NA,NA,NA,kingdom,Eukaryota
560,Eukaryota,Phragmoplastophyta,NA,NA,NA,NA,99.45398149153716,99.45398149153716,NA,NA,NA,NA,phylum,Phragmoplastophyta
561,Eukaryota,Ascomycota,Lecanoromycetes,NA,NA,NA,93.48272603025613,92.74877557949186,48.531214596221865,48.531214596221865,NA,NA,class,Lecanoromycetes
562,Eukaryota,Chlorophyta,Chlorophyceae,Chlamydomonadales,Chlamydomonadales,Chloromonas,97.74891482050525,97.74891482050525,81.19680423591556,76.20362322912239,76.20362322912239,65.25537248810909,genus,Chloromonas
563,Eukaryota,Chlorophyta,Chlorophyceae,Chlamydomonadales,Chlamydomonadales,NA,96.53521335515099,95.91630823462958,70.19945560483109,63.36645489411713,63.36645489411713,63.36645489411713,family,Chlamydomonadales_fa
564,Eukaryota,NA,NA,NA,NA,NA,59.821474219247264,59.821474219247264,NA,NA,NA,NA,kingdom,Eukaryota
565,Eukaryota,NA,NA,NA,NA,NA,55.70024349064602,55.70024349064602,NA,NA,NA,NA,kingdom,Eukaryota
566,NA,NA,NA,NA,NA,NA,39.64537667762131,NA,NA,NA,NA,NA,unknown,unknown
567,Eukaryota,Chytridiomycota,NA,NA,NA,NA,67.8224738190339,47.51596028399672,46.79515938532128,46.79515938532128,NA,NA,class,Incertae_Sedis
568,Eukaryota,NA,NA,NA,NA,NA,73.14250819140753,73.14250819140753,NA,NA,NA,NA,kingdom,Eukaryota
569,Eukaryota,NA,NA,NA,NA,NA,56.43383508325364,56.43383508325364,NA,NA,NA,NA,kingdom,Eukaryota
570,Eukaryota,Chlorophyta,Chlorophyceae,Chlamydomonadales,Chlamydomonadales,NA,96.84327654997239,96.08632916103937,76.32532515873666,56.51156478510435,56.51156478510435,56.51156478510435,family,Chlamydomonadales_fa
571,Eukaryota,NA,NA,NA,NA,NA,59.772106020298175,59.772106020298175,NA,NA,NA,NA,kingdom,Eukaryota
572,NA,NA,NA,NA,NA,NA,27.411786711059346,NA,NA,NA,NA,NA,unknown,unknown
573,Eukaryota,NA,NA,NA,NA,NA,70.54226351204332,70.54226351204332,NA,NA,NA,NA,kingdom,Eukaryota
574,Eukaryota,NA,NA,NA,NA,NA,44.46436213929723,44.46436213929723,NA,NA,NA,NA,kingdom,Eukaryota
575,Eukaryota,NA,NA,NA,NA,NA,72.48259248699311,72.48259248699311,NA,NA,NA,NA,kingdom,Eukaryota
576,Eukaryota,NA,NA,NA,NA,NA,70.909635265653165,70.909635265653165,NA,NA,NA,NA,kingdom,Eukaryota
577,Eukaryota,Chlorophyta,NA,NA,NA,NA,56.03357772791667,41.68039748633513,41.68039748633513,NA,NA,NA,phylum,Chlorophyta_ph
578,Eukaryota,NA,NA,NA,NA,NA,76.85025875916018,76.85025875916018,NA,NA,NA,NA,kingdom,Eukaryota
579,NA,NA,NA,NA,NA,NA,38.086490507999734,NA,NA,NA,NA,NA,unknown,unknown
580,NA,NA,NA,NA,NA,NA,38.858250051202646,NA,NA,NA,NA,NA,unknown,unknown
581,Eukaryota,Chlorophyta,Chlorophyceae,Chlamydomonadales,Chlamydomonadales,NA,85.87357677230175,85.20008753249299,75.65099019716266,62.10198840329029,62.10198840329029,62.10198840329029,family,Chlamydomonadales_fa
582,Eukaryota,NA,NA,NA,NA,NA,64.5814948539893,64.5814948539893,NA,NA,NA,NA,kingdom,Eukaryota
583,Eukaryota,Basidiomycota,Tremellomycetes,Cystofilobasidiales,Mrakiaceae,Udeniomyces,82.95203119955984,82.34083764862574,73.50763461528025,70.81359131019059,69.48470124243086,49.55612948276479,genus,Udeniomyces
584,Eukaryota,NA,NA,NA,NA,NA,44.406911690623105,44.406911690623105,NA,NA,NA,NA,kingdom,Eukaryota
585,NA,NA,NA,NA,NA,NA,28.701164738651364,NA,NA,NA,NA,NA,unknown,unknown
586,Eukaryota,Chlorophyta,Chlorophyceae,NA,NA,NA,96.92459421658849,96.92459421658849,96.24310624717927,NA,NA,NA,class,Chlorophyceae
587,Eukaryota,Chlorophyta,Chlorophyceae,Chlamydomonadales,Chlamydomonadales,Chloromonas,90.00889750056567,89.38338365434538,82.21129068129433,64.56582215194649,64.56582215194649,50.67972371539955,genus,Chloromonas
588,Eukaryota,NA,NA,NA,NA,NA,61.194423365438695,61.194423365438695,NA,NA,NA,NA,kingdom,Eukaryota
589,Eukaryota,NA,NA,NA,NA,NA,53.760728642621245,53.760728642621245,NA,NA,NA,NA,kingdom,Eukaryota
590,Eukaryota,Ochrophyta,Chrysophyceae,Chrysocapsales,Chrysocapsales,Hydrurus,77.48329099419882,66.82339871948219,61.82667861508518,47.36270361094488,47.36270361094488,47.36270361094488,genus,Hydrurus
591,Eukaryota,Chlorophyta,Chlorophyceae,Chlamydomonadales,Chlamydomonadales,Chloromonas,97.02221735053082,97.02221735053082,88.55777224423677,74.64411910255222,74.64411910255222,49.37818585334232,genus,Chloromonas
592,NA,NA,NA,NA,NA,NA,36.92726445343834,NA,NA,NA,NA,NA,unknown,unknown
593,Eukaryota,Cercozoa,Glissomonadida,NA,NA,NA,86.82470167626495,86.264311291458,86.264311291458,NA,NA,NA,class,Glissomonadida
594,Eukaryota,NA,NA,NA,NA,NA,40.612562109425156,40.612562109425156,NA,NA,NA,NA,kingdom,Eukaryota
595,Eukaryota,Ciliophora,Intramacronucleata,Litostomatea,Haptoria,NA,73.95677559219102,73.95677559219102,73.95677559219102,72.50300393009424,57.668865366350865,57.668865366350865,family,Haptoria
596,Eukaryota,NA,NA,NA,NA,NA,62.93897940253037,62.93897940253037,NA,NA,NA,NA,kingdom,Eukaryota
597,Eukaryota,NA,NA,NA,NA,NA,54.311552911390024,54.311552911390024,NA,NA,NA,NA,kingdom,Eukaryota
598,Eukaryota,NA,NA,NA,NA,NA,62.31595226738167,62.31595226738167,NA,NA,NA,NA,kingdom,Eukaryota
599,Eukaryota,Chlorophyta,NA,NA,NA,NA,70.898709519328,56.90643007591702,56.90643007591702,NA,NA,NA,phylum,Chlorophyta_ph
600,NA,NA,NA,NA,NA,NA,36.8296538646922,NA,NA,NA,NA,NA,unknown,unknown
601,Eukaryota,Basidiomycota,Microbotryomycetes,Kriegeriales,NA,NA,70.41903277881846,67.97162060042125,62.12684512137534,41.508322122986755,41.508322122986755,NA,order,Kriegeriales
602,Eukaryota,NA,NA,NA,NA,NA,59.34749303455268,59.34749303455268,NA,NA,NA,NA,kingdom,Eukaryota
603,Eukaryota,NA,NA,NA,NA,NA,52.90628345556528,52.90628345556528,NA,NA,NA,NA,kingdom,Eukaryota
604,Eukaryota,Chlorophyta,Chlorophyceae,Chlamydomonadales,Chlamydomonadales,Chloromonas,96.00679084757846,96.00679084757846,62.943328331910365,56.193058969411176,56.193058969411176,42.4979390668205,genus,Chloromonas
605,Eukaryota,Chlorophyta,Chlorophyceae,NA,NA,NA,95.41850739598739,95.41850739598739,95.41850739598739,NA,NA,NA,class,Chlorophyceae
