sample_id,appearance,temporal_name,date,lat,lon,elev_m,color_snow,habitat,substrate,subsurf_color,depth_cm,dom_morph,notes
fro18.13,spot,NA,2018-05-16,49.37867,-123.05922,1037.4,pink,forest,NA,NA,NA,hedgehog,NA
hol18.21,runnel,heather_lake,2018-05-18,49.398471,-123.184036,1246.3,green,clearing,NA,NA,NA,green,olor extends 10cm deep
hol18.26,spot,NA,2018-05-18,49.396781,-123.182136,1217.6,green,forest,NA,NA,NA,green,"green line on surface. Underlain by dirty layer, & more wet snow below that"
hol18.28b,christmas,romstad,2018-05-18,49.39163,-123.180325,1072.3,green,clearing,NA,NA,NA,NA,NA
hol18.31,spot,NA,2018-05-18,49.381454,-123.188489,941.1,pink,clearing,NA,NA,NA,balloon,balloons
sey18.21,runnel,pump,2018-06-05,49.387749,-122.942443,1365.5,green,alpine,NA,NA,NA,tangerine,"See notebook, depth approx 1.5m variableApprox halfway between bowl and rollover, slightly closer to rollover.Scooped from 2-3cm deep, along runnel area 2*20cm approx. Snow icy where green."
stm18.01a,runnel,NA,2018-06-09,49.428094,-123.206762,1354,orange,clearing,NA,NA,NA,NA,"deep green streak. Samples 2, 15, 60. Top is orange. Dug to 80cm, green color fades below 60 but still wet. Sample not alng topography, over trail."
sey18.17,runnel,NA,2018-05-28,49.387741,-122.942168,1369.1,green,alpine,NA,NA,3,NA,"between bowl and pit. Nothing visible @surf.10m below flattest or of bowl, 8m upstream of where side runnel enters main runnel3cm deep"
fro18.13a,spot,NA,2018-05-16,49.37867,-123.05922,1037.4,pink,forest,NA,NA,NA,NA,NA
hol18.22a,runnel,heather_lake,2018-05-18,49.398461,-123.184075,1246.6,green,clearing,NA,NA,5,green,NA
hol18.42,runnel,NA,2018-06-11,49.383601,-123.18439,998.3,green,clearing,NA,NA,5,oval,Green underneath
hol18.57,streak,NA,2018-06-19,49.38663,-123.181017,1058,pink,forest,NA,orange,NA,NA,NA
sey18.25b,spot,NA,2018-06-05,49.38358,-122.941745,1257,green,forest,NA,NA,5,hedgehog,NA
sey18.26b,line,NA,2018-06-05,49.380193,-122.9421,1221.8,green,forest,NA,NA,5,hedgehog,Green below orange
sky18.19b,layer,NA,2018-07-07,49.639225,-123.090742,1666.7,pink,alpine,NA,NA,NA,orb,NA
tri18.04x,spot,NA,2018-06-23,50.004854,-123.25849,1550,orange,alpine,NA,NA,5,mix,NA
sey18.37b,spot,NA,2018-06-14,49.372573,-122.94933,1073,green,forest,NA,NA,6,green,NA
sey18.20c,spot,NA,2018-05-28,49.380148,-122.942103,1221.3,orange,clearing,NA,NA,7,NA,green under orange. 7cm depth
sey18.65b,runnel,NA,2018-07-04,49.384893,-122.938313,1220.4,green,clearing,NA,NA,8,tangerine,NA
sey18.71,runnel,pump,2018-07-12,49.387665,-122.94206,1371,orange,alpine,NA,NA,8,NA,water below
fro18.13b,spot,NA,2018-05-16,49.37867,-123.05922,1037.4,NA,forest,NA,NA,10,NA,NA
hol18.22b,runnel,heather_lake,2018-05-18,49.398491,-123.18403,1246.8,green,clearing,NA,NA,10,green,NA
hol18.26b,spot,NA,2018-05-18,49.396805,-123.18208,1217.6,yellow,forest,NA,NA,10,green,NA
hol18.31b,spot,NA,2018-05-18,49.381433,-123.188344,943.9,orange,clearing,NA,NA,10,NA,"To 10cmMiddle, orange. Below red."
hol18.39c,runnel,heather_lake,2018-05-23,49.398427,-123.184132,1246.8,green,clearing,NA,NA,10,NA,Snow very icy. AMGreen below surface!!! 10cm down
sey18.15b,runnel,south_pump,2018-05-28,49.387704,-122.942419,1366.1,green,alpine,NA,NA,10,NA,"No=5 260cm pack depth (one 205 measurement, rock?) Walked line down runnel probing at 2m intervalsSee sey18-15In falcon tube, pushed into snow"
sey18.22a,runnel,pump,2018-06-05,49.387693,-122.942365,1366.9,orange,alpine,NA,NA,10,NA,"Measured 150, but in location of old pit, so actually much closer to surface."
sey18.25c,spot,NA,2018-06-05,49.38358,-122.941745,1257,green,forest,NA,NA,10,hedgehog,green below pink 25. Green starts 3cm below surf
sey18.35b,spot,NA,2018-06-14,49.372674,-122.949331,1073.1,green,forest,NA,NA,10,green,NA
sey18.61,runnel,pump,2018-06-28,49.387753,-122.941341,1381.4,orange,clearing,NA,green,10,NA,Streak orange
tri18.04b,depth,NA,2018-06-23,50.004854,-123.25849,1550,green,alpine,NA,NA,10,green,NA
hol18.22c,runnel,heather_lake,2018-05-18,49.398476,-123.184018,1246.4,white,clearing,NA,NA,15,green,"Spoon scoop, wiped w etoh btwn15cm deep"
hol18.28c,christmas,romstad,2018-05-18,49.391617,-123.180354,1072.4,green,clearing,NA,NA,15,NA,below green
hol18.31c,spot,NA,2018-05-18,49.381509,-123.188552,940.1,green,clearing,NA,NA,15,NA,Same as 31Starting at 10cm depth (lower then b
hol18.39d,runnel,heather_lake,2018-05-23,49.398442,-123.184058,1246.4,green,clearing,NA,NA,15,green,Green snow icier than white15cm depth
sey18.75b,spot,south_pump,2018-07-19,49.387659,-122.941406,1380.8,orange,clearing,NA,NA,15,tangerine,NA
sky18.15xb,runnel,NA,2018-07-07,49.645055,-123.087166,1388.7,orange,alpine,NA,NA,15,hedgehog,NA
stm18.01b,runnel,NA,2018-06-09,49.428094,-123.206762,1354,green,clearing,NA,NA,15,tangerine,NA
hol18.22d,runnel,heather_lake,2018-05-18,49.398473,-123.184018,1246.4,white,clearing,NA,NA,20,green,NA
hol18.23,runnel,heather_lake,2018-05-18,49.398459,-123.184062,1246.5,white,clearing,NA,NA,20,NA,below brown runnel above lake.  30cm strip scooped
nes18.03b,spot,NA,2018-07-14,49.033518,-121.533124,1956.5,green,alpine,NA,NA,20,green,NA
sey18.17b,runnel,NA,2018-05-28,49.387724,-122.94213,1369.7,green,alpine,NA,NA,20,NA,20cmSee prev
sey18.22b,runnel,pump,2018-06-05,49.387693,-122.942365,1366.9,green,alpine,NA,NA,20,tangerine,NA
sey18.66b,runnel,NA,2018-07-04,49.387693,-122.941309,1382.1,orange,clearing,NA,NA,20,tangerine,NA
sky18.15gb,runnel,NA,2018-07-07,49.645055,-123.087166,1388.7,green,alpine,NA,NA,25,lemon,NA
hol18.26c,spot,NA,2018-05-18,49.396794,-123.182096,1217.6,yellow,forest,NA,NA,30,green,NA
sey18.22c,runnel,pump,2018-06-05,49.387693,-122.942365,1366.9,green,alpine,NA,NA,30,tangerine,NA
sey18.28,runnel,NA,2018-06-05,49.376977,-122.945925,1162,green,clearing,NA,NA,35,green,"depth below runnel. Upon melt out, foam and DMSP scent!!! (next day) much stronger than othersDepth 35cm"
hol18.26d,spot,NA,2018-05-18,49.396773,-123.182119,1217.4,yellow,forest,NA,NA,50,NA,NA
sey18.07b,runnel,pump,2018-05-22,49.387719,-122.942338,1367,green,alpine,NA,NA,50,tangerine,"dark samples at 7. 50cm sample. Snow depth 215- more than 300cm n=5See sey18-7Scooped w glove, contamination possible-- green snow falling from above, and shovel could contaminate"
hol18.39e,runnel,heather_lake,2018-05-23,49.398442,-123.184058,1246.4,green,clearing,NA,NA,60,NA,60cm deep looks icy
stm18.01c,runnel,NA,2018-06-09,49.428094,-123.206762,1354,green,clearing,NA,NA,60,tangerine,NA
aas18.01,streak,NA,2018-06-30,47.483711,-120.82392,2158.1,pink,alpine,NA,NA,NA,orb,Sample sat in room temp for 2days.
bre18.01,streak,brew_flats,2018-07-21,50.039471,-123.18987,1673.3,pink,alpine,NA,NA,NA,orb,"""kurts brain""; surf moisture 30% subsurface moisture 70%; incident 1624ppfd reflected 677ppfd; temp=0"
bre18.02,NA,brew_flats,2018-07-21,50.039336,-123.190677,1678.5,NA,alpine,rock,NA,NA,orb,2x is red rim of snow 5cm from red dry on rock. Algae on rock
bre18.02x,streak,brew_flats,2018-07-21,50.039336,-123.190677,1678.5,pink,alpine,NA,NA,NA,orb,NA
bre18.03,streak,brew_flats,2018-07-21,50.039295,-123.190679,1678.5,pink,alpine,NA,NA,NA,orb,NA
bre18.04,streak,brew_flats,2018-07-21,50.039529,-123.191486,1685.7,pink,alpine,NA,NA,NA,orb,NA
bre18.05,streak,brew_flats,2018-07-21,50.039543,-123.191406,1685.1,pink,alpine,NA,NA,NA,orb,NA
bre18.06,streak,brew_flats,2018-07-21,50.039637,-123.191318,1683.8,pink,alpine,NA,NA,NA,orb,NA
bre18.07,streak,brew_flats,2018-07-21,50.039672,-123.191035,1681.7,pink,alpine,NA,NA,NA,orb,NA
bre18.08,streak,brew_flats,2018-07-21,50.039647,-123.19092,1680.7,pink,alpine,NA,NA,NA,orb,NA
bre18.09,streak,brew_flats,2018-07-21,50.039792,-123.19078,1679.3,pink,alpine,NA,NA,NA,orb,NA
bre18.10,streak,brew_flats,2018-07-21,50.039766,-123.190661,1678.3,pink,alpine,NA,NA,NA,orb,NA
bre18.11,streak,brew_flats,2018-07-21,50.039791,-123.190549,1677.7,pink,alpine,NA,NA,NA,orb,NA
bre18.12,streak,brew_flats,2018-07-21,50.039886,-123.190177,1675.6,pink,alpine,NA,NA,NA,orb,NA
bre18.13,streak,brew_flats,2018-07-21,50.03996,-123.190124,1675.4,pink,alpine,NA,NA,NA,orb,NA
bre18.14,streak,brew_flats,2018-07-21,50.037303,-123.194147,1600.2,pink,alpine,NA,NA,NA,orb,Pink surf
bre18.15,spot,brew_flats,2018-07-21,50.039402,-123.190939,1681.5,orange,alpine,NA,NA,NA,orb,orange spot. microphotos contains chloromonas
bre18.16,spot,brew_flats,2018-07-22,50.039402,-123.190939,1681.5,green,alpine,NA,green,NA,oval,Light green below orange at brew flats
bre18.17,NA,brew_flats,2018-07-22,50.039402,-123.190939,1681.5,white,alpine,NA,NA,NA,NA,clean snow
bre18.18,NA,brew_flats,2018-07-22,50.039402,-123.190939,1681.5,white,alpine,NA,NA,NA,NA,"surf moist 87%, sub moist 60%, 2200-1035ppfd"
bre18.19,spot,brew_flats,2018-07-22,50.039402,-123.190939,1681.5,orange,alpine,NA,NA,NA,lemon,"Orange-green spot, chl niv"
bre18.20,streak,NA,2018-07-22,50.032139,-123.187198,1455,pink,alpine,NA,NA,NA,orb,"Lower lake PG11, surface veneer"
bre18.21,streak,NA,2018-07-22,50.032139,-123.187198,1455,pink,alpine,NA,NA,NA,orb,Lower bre lake
bre18.22,NA,NA,2018-07-22,50.032139,-123.187198,1455,white,alpine,NA,NA,NA,orb,White snow control from lower bre
bre18.rd,NA,NA,2018-07-22,50.039402,-123.190939,1680.9,NA,NA,rock,NA,NA,orb,NA
bre18.st,NA,NA,2018-07-22,50.03675,-123.19368,1587.7,NA,NA,stream,NA,NA,NA,NA
fro18.01a,spot,NA,2018-05-16,49.37033,-123.0575,916.7,green,forest,NA,NA,NA,hedgehog,"balloon, lemon, hedgy"
fro18.01b,spot,NA,2018-05-16,49.37033,-123.0575,916.7,pink,forest,NA,NA,NA,balloon,"balloon, lemon, hedgy, ciliate"
fro18.01c,spot,NA,2018-05-16,49.37033,-123.0575,916.7,pink,forest,NA,NA,NA,NA,NA
fro18.02a,spot,NA,2018-05-16,49.37123,-123.05825,942,green,forest,NA,NA,NA,NA,NA
fro18.02b,spot,NA,2018-05-16,49.37123,-123.05825,942,NA,forest,NA,NA,NA,balloon,NA
fro18.02c,spot,NA,2018-05-16,49.37123,-123.05825,942,pink,forest,NA,NA,NA,NA,NA
fro18.03,spot,NA,2018-05-16,49.37289,-123.05743,965.1,pink,forest,NA,NA,NA,balloon,NA
fro18.04,spot,NA,2018-05-16,49.37452,-123.0579,999,green,forest,NA,NA,NA,NA,NA
fro18.05a,spot,NA,2018-05-16,49.37507,-123.05727,1003.8,green,forest,NA,NA,NA,NA,NA
fro18.05b,spot,NA,2018-05-16,49.37507,-123.05727,1003.8,green,forest,NA,NA,NA,NA,NA
fro18.06,spot,NA,2018-05-16,49.37801,-123.05735,1038.3,rusty,forest,NA,NA,NA,NA,NA
fro18.07,spot,NA,2018-05-16,49.3795,-123.05773,1092.9,yellow,forest,NA,NA,NA,NA,NA
fro18.08,spot,NA,2018-05-16,49.38109,-123.05665,1158.4,green,forest,NA,NA,NA,NA,NA
fro18.09,spot,NA,2018-05-16,49.38137,-123.05699,1171,purple,clearing,NA,NA,NA,balloon,NA
fro18.10,christmas,NA,2018-05-16,49.38142,-123.05714,1172.9,pink,clearing,NA,NA,NA,balloon,NA
fro18.11,christmas,NA,2018-05-16,49.38142,-123.05714,1172.9,green,clearing,NA,NA,NA,balloon,NA
fro18.12,NA,NA,2018-05-16,49.38145,-123.05727,1173,green,clearing,NA,NA,NA,NA,NA
fro18.13c,NA,NA,2018-05-16,49.37867,-123.05922,1037.4,green,forest,NA,NA,NA,hedgehog,NA
gar18.01,NA,NA,2018-07-27,49.827525,-122.965959,1600,pink,alpine,NA,NA,NA,balloon,NA
gar18.02,streak,NA,2018-07-27,49.826167,-122.963731,1553.6,pink,alpine,NA,NA,NA,orb,NA
gar18.03,streak,NA,2018-07-27,49.82775,-122.966608,1609.8,orange,alpine,NA,NA,NA,orb,NA
gar18.04,spot,NA,2018-07-27,49.82775,-122.966608,1550,green,alpine,NA,NA,NA,lemon,NA
hol18.01,NA,NA,2018-05-14,NA,NA,900,NA,forest,NA,NA,NA,balloon,NA
hol18.02,NA,NA,2018-05-14,NA,NA,900,NA,forest,NA,NA,NA,lemon,NA
hol18.03,NA,NA,2018-05-14,NA,NA,900,NA,forest,NA,NA,NA,orb,NA
hol18.04,NA,NA,2018-05-14,NA,NA,900,NA,forest,NA,NA,NA,zuke,NA
hol18.05,NA,NA,2018-05-14,NA,NA,900,NA,forest,NA,NA,NA,NA,NA
hol18.06,NA,NA,2018-05-14,NA,NA,900,NA,forest,NA,NA,NA,NA,NA
hol18.07,NA,NA,2018-05-14,NA,NA,900,NA,forest,NA,NA,NA,NA,NA
hol18.08,NA,NA,2018-05-14,49.39748,-123.19027,1062,NA,forest,NA,NA,NA,NA,NA
hol18.09,NA,NA,2018-05-14,NA,NA,900,NA,forest,NA,NA,NA,NA,NA
hol18.10,NA,NA,2018-05-14,49.3977,-123.18967,1083,NA,forest,NA,NA,NA,balloon,NA
hol18.11,spot,NA,2018-05-14,49.394549,-123.194102,900,pink,forest,NA,NA,NA,NA,NA
hol18.12,NA,NA,2018-05-14,NA,NA,900,NA,forest,NA,NA,NA,balloon,NA
hol18.13,spot,NA,2018-05-14,NA,NA,900,pink,forest,NA,NA,NA,ruby,dirty
hol18.14,spot,NA,2018-05-14,NA,NA,900,green,forest,NA,NA,NA,NA,NA
hol18.15,spot,NA,2018-05-14,NA,NA,900,green,forest,NA,NA,NA,NA,NA
hol18.16,spot,NA,2018-05-14,NA,NA,900,rusty,forest,NA,NA,NA,NA,NA
hol18.17,spot,NA,2018-05-14,NA,NA,900,green,forest,NA,NA,NA,NA,NA
hol18.18,spot,holly_gulch,2018-05-14,49.387596,-123.188276,891.5,pink,clearing,NA,NA,NA,balloon,balloons
hol18.19a,NA,NA,2018-05-18,49.400744,-123.183254,1313.7,white,clearing,NA,NA,NA,NA,"depth sample. No canopy cover, likely very deep drift here. At rollover above cliff.Northwest of summit, above steep bank70-76cm deep, a 30*6*8cm volume. Frozen granular."
hol18.19b,NA,NA,2018-05-18,49.400724,-123.183264,1313.6,white,clearing,NA,NA,NA,NA,"depth sample. Used same scoop, w/o cleaning. Bag was a used bag for food storage.Same as hol18-19aVertical strip."
hol18.20,runnel,NA,2018-05-18,49.398514,-123.182912,1251.8,green,clearing,NA,NA,NA,green,"Between ski trail and heather lk, at nub in contours.Snow appears very saturated"
hol18.24,runnel,heather_lake,2018-05-18,49.39853,-123.183939,1248,pink,clearing,NA,NA,NA,NA,Snow fleas on surf
hol18.25a,christmas,NA,2018-05-18,49.396796,-123.182532,1219.2,pink,clearing,NA,NA,NA,NA,Only on surface. Surface not scraped a/b not refer to depth
hol18.25b,christmas,NA,2018-05-18,49.396818,-123.182569,1219.8,green,clearing,NA,NA,NA,green,Green goes deep. Scooped up to 5cm depth. Green appears to go about 13cm deep. not scraped. tangerine morphs
hol18.27,spot,NA,2018-05-18,49.395022,-123.181015,1147.1,pink,forest,NA,NA,NA,NA,"Clearing, 1m below shallow spot w exposed soil. 10cm Below sample is wet, no color"
hol18.28,christmas,romstad,2018-05-18,49.391609,-123.180378,1072.5,pink,clearing,NA,NA,NA,NA,red next to green
hol18.29,rusty,NA,2018-05-18,49.383518,-123.183405,1003.6,rusty,forest,NA,NA,NA,hedgehog,not scraped
hol18.30,spot,NA,2018-05-18,49.382716,-123.186712,998.6,green,forest,NA,NA,NA,NA,"Icy, below trees"
hol18.31.5,streak,holly_gulch,2018-05-23,49.387692,-123.188365,887,pink,clearing,NA,NA,NA,balloon,NA
hol18.32,spot,NA,2018-05-23,49.38038,-123.190071,923.4,orange,forest,NA,NA,NA,NA,over water. orange hedgy
hol18.33,spot,NA,2018-05-23,49.38204,-123.187157,978.3,rusty,forest,NA,NA,NA,hedgehog,At second switchback
hol18.34,streak,NA,2018-05-23,49.383977,-123.184522,999.1,pink,clearing,NA,NA,NA,NA,"some balloon, mostly ruby"
hol18.35,spot,NA,2018-05-23,49.383518,-123.183405,1003.6,rusty,forest,NA,NA,NA,NA,NA
hol18.36,spot,NA,2018-05-23,49.389702,-123.180292,1058.4,orange,forest,NA,NA,NA,balloon,faint orange in shade. Up trail 3m of landmark1
hol18.37,spot,NA,2018-05-23,49.39037,-123.180587,1058.9,green,forest,NA,NA,NA,NA,"green patch on trail, In tree shade"
hol18.38,NA,romstad,2018-05-23,49.391685,-123.18032,1072.4,NA,clearing,NA,NA,NA,NA,Resampling open space with dark snow stripes
hol18.39a,runnel,heather_lake,2018-05-23,49.398412,-123.184094,1246.5,NA,clearing,NA,NA,NA,NA,"Low price of lake shore, by tree"
hol18.39b,runnel,heather_lake,2018-05-23,49.398468,-123.184237,1247.6,NA,clearing,NA,NA,NA,NA,Down to iceFrom pit
hol18.40,streak,holly_gulch,2018-06-11,49.387843,-123.188261,886.3,pink,clearing,NA,NA,NA,lemon,pink around stick. Scooped with glove
hol18.41,runnel,NA,2018-06-11,49.383597,-123.184444,998.4,orange,clearing,NA,NA,NA,orb,Orange runne
hol18.42b,runnel,NA,2018-06-11,49.383575,-123.184394,998.3,orange,clearing,NA,NA,NA,orange,Orange above green
hol18.43,spot,NA,2018-06-11,49.383601,-123.184395,998.3,orange,forest,NA,NA,NA,hedgehog,Chlamy niv
hol18.44,spot,NA,2018-06-11,49.384334,-123.182348,1021.8,green,forest,NA,NA,NA,thin_spine,Green spots on trailside
hol18.45,spot,holly_gulch,2018-06-14,49.387596,-123.188276,891.5,pink,forest,NA,NA,NA,NA,Wet mud
hol18.46,spot,NA,2018-06-14,49.380757,-123.187462,957.6,orange,forest,NA,NA,NA,lemon,bright orange. Beside road next to forest
hol18.47,spot,NA,2018-06-14,49.380757,-123.187462,957.6,pink,forest,NA,NA,NA,lemon,
sky18.23,spot,NA,2018-06-14,49.380726,-123.18737,958.7,pink,forest,NA,NA,NA,zuke,Red spot immediately above orange spot see 46
hol18.48,spot,NA,2018-06-14,49.383635,-123.184385,998.3,pink,forest,NA,NA,NA,mix,NA
hol18.49,spot,NA,2018-06-14,49.384296,-123.182513,1021.7,green,forest,NA,NA,NA,spiny,In the forest
hol18.50,NA,NA,2018-06-19,49.383627,-123.184328,998.1,white,forest,NA,NA,NA,mix,Repeat
hol18.51,spot,NA,2018-06-19,49.383597,-123.184337,998.1,pink,forest,NA,NA,NA,balloon,Next to 50
hol18.52,spot,NA,2018-06-19,49.383597,-123.184337,998.1,green,forest,NA,NA,NA,spiny,green spot on trail
hol18.53,spot,NA,2018-06-19,49.384714,-123.182151,1025.5,green,forest,NA,NA,NA,NA,Green on side of bank trailside
hol18.54,spot,NA,2018-06-19,49.384633,-123.182102,1023.4,pink,forest,NA,NA,NA,NA,orange and red spots. Scooped several small 5 cm diameter spots into 1 tube
hol18.55,spot,NA,2018-06-19,49.384831,-123.182399,1030.7,orange,forest,NA,NA,NA,NA,Orange spots next to red spots of sample 54
hol18.58,streak,NA,2018-06-19,49.386579,-123.180923,1057.9,pink,clearing,NA,NA,NA,NA,Striking runnel on flat snowfield. Ended up sampling a bright red pocket near by.
hol18.59,streak,NA,2018-07-03,49.386621,-123.181008,1058,orange,clearing,NA,NA,NA,lemon,above water
hol18.59b,streak,NA,2018-07-03,49.386621,-123.181008,1058,orange,clearing,NA,NA,NA,lemon,above water
hol18.59bre,streak,NA,2018-07-03,49.386621,-123.181008,1058,orange,clearing,NA,NA,NA,lemon,above water
lib18.01,layer,NA,2018-08-06,48.515831,-120.65631,1800,rusty,alpine,NA,NA,NA,lemon,NA
nes18.01,streak,NA,2018-07-14,49.033348,-121.533025,1957.8,pink,alpine,NA,NA,NA,other,pollen in sample
nes18.02,other,NA,2018-07-14,49.033518,-121.533124,1956.5,pink,alpine,NA,NA,NA,orb,NA
nes18.02b,other,NA,2018-07-14,49.033518,-121.533124,1956.5,pink,alpine,NA,NA,NA,orb,NA
nes18.03,spot,NA,2018-07-14,49.034049,-121.533755,1926.1,green,alpine,NA,NA,NA,green,"Some red faint above, on trail. Swim up??"
nes18.04,spot,NA,2018-07-14,49.034155,-121.533888,1919.8,orange,alpine,NA,green,NA,mix,"orange, Directly downhill of nes3"
nes18.05,spot,NA,2018-07-14,49.034349,-121.534036,1908.4,orange,alpine,NA,green,NA,orb,"In shade of boulder, can hear running water near"
sax18.01,streak,NA,2018-07-28,50.392189,-122.584361,1629.8,pink,alpine,NA,NA,NA,redwall,"Surface deposit of red cells,  some going up to 2cm deep. Streak area 3m long going downhill, 10cm wide. Mouses tooth. Gully."
sey18.01,NA,NA,2018-05-08,NA,NA,1300,white,alpine,NA,NA,NA,NA,bulk white snow sample
sey18.02,NA,NA,2018-05-08,NA,NA,1300,white,alpine,NA,NA,NA,NA,bulk white snow sample
sey18.03,streak,NA,2018-05-22,49.373194,-122.950336,1081.1,pink,clearing,NA,NA,NA,NA,"red streak over stream. Clearing. In runnel above stream. Snow temp at 5cm depth -2CWhere stream -currently just a hole in snow- crosses under hiking path, up stream maybe 20m.these trees.Surface crust scraped gently. Softer snow 5mm below crust. Sample appears white, although streak looks pinkish from afar. Same scoop as sky pilot, just wiped w handkerchief, forgot to etoh wipe."
sey18.04,runnel,NA,2018-05-22,49.373265,-122.950337,1081.5,orange,clearing,NA,NA,NA,NA,"glowing snow just uprunnel from 3. Below tree w blazeScraped, scooped 12*5cm plug."
sey18.05,spot,NA,2018-05-22,49.376413,-122.946115,1150.8,green,forest,NA,NA,NA,NA,"green snow, discrete dot. Wet snow. Dark color appears to be just on top 1cm, perhaps concentrated by melt? 5cm below faint green similar to what I've been seeing.R of trail, below trees in photoScooped w glove, debris incl"
sey18.06,other,NA,2018-05-22,49.376329,-122.945817,1155.4,yellow,forest,NA,NA,NA,NA,. Yellow snow next to 5. 1m from 5See sey18-5Scooped w clean glove
sey18.07,runnel,pump,2018-05-22,49.387752,-122.942523,1364.4,green,alpine,NA,NA,NA,tangerine,"green specks at summit. Wet. Green in layers, barely visible when walking by, small dots above green melted outrevealing green beneath surface white, concealing a much larger mass of green. Green extends down in horizontal bands to 15cm.Small saddle before dropping down to main saddle between first and second pump. Nice view of van from here.Glove scoop. Not scraped at surf."
sey18.08,runnel,NA,2018-05-22,49.384534,-122.94277,1267.9,yellow,alpine,NA,NA,NA,NA,"Down drainage below pump peak cliff, heading west/down. Before dropoff.Nothing visible on surf but debris, but scraping off debris reveals slight yellow tinged snow. Snow appears white in bag. Scraped surf."
sey18.09,spot,NA,2018-05-22,49.379902,-122.944008,1201.5,pink,clearing,NA,NA,NA,balloon,slight pink tinge w sunglasses. See branch on tree in photoSnow appears white in bag and on ground...
sey18.10,spot,NA,2018-05-22,49.370437,-122.948487,1040.4,pink,clearing,NA,NA,NA,balloon,Below tree in overview photo. Pink tinge w sunglasses.
sey18.11,runnel,NA,2018-05-28,49.375778,-122.946304,1145.8,orange,clearing,NA,NA,NA,green,"orange patches in runnel. In the open, trees nearby
 Side of cat trackAt top of first steep hill above terrain park on main cat track.Plug 10cm deep"
sey18.12,spot,NA,2018-05-28,49.386947,-122.940467,1376.8,yellow,clearing,NA,NA,NA,NA,Doggie wee?
sey18.13,runnel,NA,2018-05-28,49.386936,-122.940529,1378.4,green,clearing,NA,NA,NA,NA,Green (barely) in runnel
sey18.14,streak,NA,2018-05-28,49.386843,-122.941797,1378.8,orange,alpine,NA,NA,NA,tangerine,Light orange streak near summit
sey18.15,runnel,south_pump,2018-05-28,49.387734,-122.94241,1366,green,alpine,NA,NA,NA,tangerine,"Same pit as before. Panorama photos taken from spot.20m up from rollover on second runnels system on back side of seymour summit. Not the one with the kicker going into it, the second longer one. Halfway between ""headwall"" bowl of upper runnel-shed, and rollover."
sey18.16,runnel,NA,2018-05-28,49.387723,-122.942176,1369.1,green,alpine,NA,NA,NA,NA,peeker upslope of pit. Just below mini headwall bowl
sey18.18,runnel,NA,2018-05-28,49.387208,-122.942583,1366.7,orange,alpine,NA,NA,NA,balloon,"thought tunnel looked orange. Down to rollover of first watershed, uphill on L hiking downhill, small runnels just below rock across from perimeter boundary sign"
sey18.19,spot,NA,2018-05-28,49.386823,-122.940731,1381,pink,alpine,NA,NA,NA,NA,"pink snow on south side of summit. Small hollow on south side of summit,Not scraped"
sey18.20,spot,NA,2018-05-28,49.380114,-122.942126,1220.5,orange,clearing,NA,NA,NA,NA,"orange vs pink .Coming down from highest chairlift point, across from signs in photo1, looking up at photo2"
sey18.20b,spot,NA,2018-05-28,49.380117,-122.942089,1221.2,pink,clearing,NA,NA,NA,NA,red vs orabnge. No green under thin surface veneer of pinkSee 20a. Pink is 2m upslope of orange
sey18.23,runnel,pump,2018-06-05,49.387679,-122.941964,1372.3,green,alpine,NA,NA,NA,tangerine,deep green. Bottom of bowl
sey18.23re,runnel,pump,2018-06-05,49.387679,-122.941964,1372.3,green,alpine,NA,NA,NA,tangerine,deep green. Bottom of bowl
sey18.24,spot,NA,2018-06-05,49.386009,-122.941661,1356.8,yellow,forest,NA,NA,NA,hedgehog,"yello snow Below trees. Near top of snow chute to pump summit, climbers L of landmark tree"
sey18.25,spot,NA,2018-06-05,49.383608,-122.941748,1257.2,rusty,forest,NA,NA,NA,hedgehog,isolated spot pink below tree.
sey18.25bre,spot,NA,2018-06-05,49.383608,-122.941748,1257.2,rusty,forest,NA,NA,NA,hedgehog,isolated spot pink below tree.
sey18.26,line,NA,2018-06-05,49.38017,-122.942084,1221.9,rusty,forest,NA,green,NA,hedgehog,orange line. Site previously sampled
sey18.27,spot,NA,2018-06-05,49.379156,-122.943171,1190.7,yellow,forest,NA,green,NA,mix,yellow snow no green below. 20m below stake coming up out of pond btwn brocck and mystery peakOk maybe greens below
sey18.29,runnel,NA,2018-06-05,49.375779,-122.94633,1145.4,brown,clearing,NA,NA,NA,tangerine,Brown-runnel
sey18.30,layer,NA,2018-06-05,49.375244,-122.946416,1142.4,rusty,forest,NA,NA,NA,hedgehog,Underside stripe orange
sey18.31,runnel,NA,2018-06-13,49.367737,-122.951977,1002.1,orange,forest,NA,NA,NA,mix,"orange branches envircle stream island? Three streams in dendritic pattern downhill. What is below the tops of the two spur branches? See extra photo, kind of stays in the open, where there's deeper snow."
sey18.32,spot,NA,2018-06-14,49.369639,-122.949195,1042.6,orange,forest,NA,NA,NA,hedgehog,shallow
sey18.33,spot,NA,2018-06-14,49.370739,-122.949024,1059.7,orange,forest,NA,NA,NA,hedgehog,Orange spot trailside
sey18.34,spot,NA,2018-06-14,49.371969,-122.949107,1069.7,green,forest,NA,NA,NA,spiny,Green spot
sey18.35,spot,NA,2018-06-14,49.372674,-122.949331,1073.1,rusty,forest,NA,green,NA,hedgehog,orange spot below tree. Depth sample barely greenish tinge
sey18.36,spot,NA,2018-06-14,49.372613,-122.949418,1074.3,orange,forest,NA,NA,NA,hedgehog,Redder spot Next to 35
sey18.37,spot,NA,2018-06-14,49.372573,-122.94933,1073,green,forest,NA,NA,NA,green,"Green spot next to 35,36"
sey18.38,runnel,NA,2018-06-14,49.37437,-122.950226,1089.4,orange,clearing,NA,NA,NA,tangerine,orange streak--Icy
sey18.39,spot,NA,2018-06-14,49.374999,-122.950053,1093.8,pink,clearing,NA,NA,NA,balloon,Waterside
sey18.40,spot,NA,2018-06-14,49.374958,-122.950107,1093.7,orange,clearing,NA,NA,NA,lemon,streamside
sey18.41,runnel,NA,2018-06-14,49.376711,-122.950502,1121.1,orange,clearing,NA,NA,NA,tangerine,streamside
sey18.42,runnel,pump,2018-06-14,49.387697,-122.942295,1367.8,orange,clearing,NA,NA,NA,tangerine,NA
sey18.43,runnel,pump,2018-06-14,49.387745,-122.942329,1366.9,green,clearing,NA,NA,NA,tangerine,In layer 2cm below surface. Some color below but not much
sey18.44,spot,NA,2018-06-14,49.380249,-122.942246,1220,rusty,forest,NA,NA,NA,NA,NA
sey18.46,spot,NA,2018-06-17,49.374724,-122.95032,1093.8,pink,forest,NA,NA,NA,ruby,"Not a lot of moisture, mainly icy.brown tree bits on top."
sey18.47,streak,NA,2018-06-17,49.37442,-122.950278,1090.3,pink,clearing,NA,NA,NA,ruby,Much whiter snow around it than everywhere else. Very icy.covered by black bits
sey18.48,spot,NA,2018-06-17,49.377001,-122.945783,1165.6,pink,forest,NA,NA,NA,NA,"Lots of pine needles, high slope.icy"
sey18.49,streak,NA,2018-06-17,49.380526,-122.941494,1238,pink,clearing,NA,NA,NA,NA,"Lots of pink streaks around, some trees  mostly clean snow. Not super icy but not super wet just dry ish snow"
sey18.50,NA,NA,2018-06-17,49.380235,-122.942549,1218.6,white,clearing,NA,NA,NA,NA,Lighter snow.more moist than surroundig area
sey18.51,spot,NA,2018-06-17,49.380201,-122.94261,1218.3,orange,clearing,NA,NA,NA,NA,"Moist, footsteps here. A little tree junk"
sey18.52,streak,NA,2018-06-17,49.379975,-122.94337,1209.3,pink,clearing,NA,NA,NA,NA,3 or 4 runnels leading into here.all have slight pink color. Kind of lowest point in the surrounding area. sey 52c is 7cm
sey18.53,edge,NA,2018-06-28,49.380102,-122.942167,1219.6,rusty,clearing,NA,NA,NA,NA,Along upslope edge of snowpatch. Running water 10m.
sey18.54,spot,NA,2018-06-28,49.380133,-122.942196,1219.6,pink,forest,NA,NA,NA,balloon,"slight pink above brockton trees. More algae on surface, scraped off but still some red visible in snow. In depression bottom of suncup."
sey18.55,christmas,NA,2018-06-28,49.38129,-122.94115,1244,pink,forest,NA,green,NA,NA,"red/yellow spots. Over trail. 20cm up of low pt in snow, on rim of drift above drip zone of trees. Many pink spots, no other green observed."
sey18.56,spot,NA,2018-06-28,49.381572,-122.941668,1244.3,rusty,forest,NA,NA,NA,NA,Many tangerine patches among conifers on trail in narrow gap leading past Brockton PT to outside ski area bound. More on the shady sides. 48r looked like chlainomonas under 10x hand lens.
sey18.57,spot,NA,2018-06-28,49.38454,-122.938706,1215.3,green,forest,NA,NA,NA,NA,Green spot below trees
sey18.58,runnel,NA,2018-06-28,49.387238,-122.938581,1348.8,orange,clearing,NA,orange,NA,NA,"orange and red runnel. Red only on surf, orange at least 10cm down"
sey18.59,streak,NA,2018-06-28,49.387402,-122.939611,1353.2,yellow,forest,NA,NA,NA,NA,ellow orange on upslope edge.  extends down ay least 10c
sey18.60,streak,NA,2018-06-28,49.387414,-122.939642,1354.6,pink,forest,NA,NA,NA,NA,"Red, chlainomonas?"
sey18.62,spot,NA,2018-06-28,49.387709,-122.942067,1370.6,pink,clearing,NA,NA,NA,NA,"red on side of orange runnel. Red shallow Orange deep. Colorado pooled on flat, less on slope above below"
sey18.63p,spot,NA,2018-06-28,49.375315,-122.946358,1143.8,pink,clearing,NA,NA,NA,balloon,1m from pond
sey18.63o,spot,NA,2018-07-04,49.380063,-122.942003,1222.6,orange,forest,NA,NA,NA,NA,Light orange throughout snowpatch
sey18.64,line,NA,2018-07-04,49.383111,-122.940435,1241.3,green,forest,NA,NA,NA,green,Green v
sey18.65,runnel,NA,2018-07-04,49.384893,-122.938313,1220.4,orange,clearing,NA,green,NA,tangerine,"Uphill of snowbank, stream running below"
sey18.66,runnel,NA,2018-07-04,49.387693,-122.941309,1382.1,orange,clearing,NA,NA,NA,tangerine,NA
sey18.67,edge,NA,2018-07-04,49.387655,-122.941445,1380.2,orange,clearing,NA,NA,NA,tangerine,next to stream
sey18.68,streak,south_pump,2018-07-04,49.387429,-122.941592,1380.2,pink,alpine,NA,NA,NA,NA,"No green, just horseshoe of red. Labeled center as g, bit snow appears white"
sey18.69,spot,south_pump,2018-07-04,49.38653,-122.941612,1374.5,pink,alpine,NA,NA,NA,NA,Red below rock
sey18.70,speckle,south_pump,2018-07-12,49.386311,-122.940982,1372.1,orange,alpine,NA,NA,NA,NA,NA
sey18.72,spot,pump,2018-07-12,49.38746,-122.941529,1380.7,pink,alpine,NA,NA,NA,NA,red spot
sey18.73,streak,south_pump,2018-07-12,49.386534,-122.941934,1371.1,orange,alpine,NA,NA,NA,NA,NA
sey18.74,spot,south_pump,2018-07-19,49.386561,-122.941913,1372,orange,alpine,NA,NA,NA,balloon,gully
sey18.75,spot,pump,2018-07-19,49.387659,-122.941406,1380.8,orange,clearing,NA,NA,NA,tangerine,"20cm deep. 75x 10m up in the patch, sampled shallower redder spot on side of gully. Orange streak over ce ter of water, lots of smaller streaks on sides, x is the latter. Gully"
sey18.75x,NA,pump,2018-07-19,49.387659,-122.941406,1380.8,pink,alpine,NA,NA,NA,balloon,shallow snow. smaller streak than the main streak over the water
sey18.76,spot,pump,2018-07-19,49.387206,-122.941963,1377.1,pink,alpine,NA,NA,NA,NA,NA
sky18.01,spot,NA,2018-05-20,49.651369,-123.087731,1077.9,yellow,forest,NA,NA,NA,NA,dot at bottom of red line. Wet. A and b don’t refer to depth here
sky18.01b,spot,NA,2018-05-20,49.651369,-123.087731,1077.9,pink,forest,NA,NA,NA,NA,"Surf, not scraped. A,b don’t refer to depth here, next to 1"
sky18.02,spot,NA,2018-05-20,49.65006,-123.086979,1102.7,yellow,forest,NA,NA,NA,zuke,"dots in trees. Under canopy,S of stream, in firs and hemlock, 20m to stump, next to kink treeNot scraped"
sky18.03,spot,NA,2018-05-20,49.649025,-123.085766,1139.1,green,forest,NA,NA,NA,NA,streak. Clearing left of stumpSurf not scraped
sky18.04,NA,NA,2018-05-20,49.645143,-123.082617,1403.3,NA,forest,NA,NA,NA,NA,Faint streak on slope 25m below cliff
sky18.05,NA,NA,2018-05-20,49.644869,-123.087246,1386.9,white,clearing,NA,NA,NA,NA,"brown runnel .1gal sample. Scooped w small plastic scoop.Surf, on runnel"
sky18.05b,NA,NA,2018-05-20,49.644937,-123.087515,1392.7,white,clearing,NA,NA,NA,NA,1gal at 40-60cm deep1gal
sky18.06,runnel,NA,2018-05-20,49.644957,-123.087512,1393.2,green,clearing,NA,NA,NA,NA,"3m depthLower pt on w side of chunder, below landmark 1"
sky18.07,spot,NA,2018-05-20,49.648541,-123.082629,1197.7,pink,clearing,NA,NA,NA,orb,"slight pink. Below exit couloir. 135cm deepGoing up, pink is to left of stump at base of exit couloirNot scraped"
sky18.08,spot,NA,2018-05-20,49.649814,-123.083586,1170.7,pink,clearing,NA,NA,NA,balloon,streamside
sky18.09,other,NA,2018-05-20,49.650476,-123.084033,1158.3,yellow,forest,NA,NA,NA,NA,edge of patch
sky18.10,spot,NA,2018-05-20,49.65132,-123.085316,1135.9,pink,forest,NA,NA,NA,NA,Surf scraped. Red snow along trail.
sky18.11,other,NA,2018-05-20,49.652395,-123.087952,1088.4,orange,forest,NA,NA,NA,NA,"Appears even more orange (and clumpy) below surfScraped surf, samples to 7cm"
sky18.12,spot,NA,2018-05-20,49.655358,-123.10622,945.5,green,forest,NA,NA,NA,hedgehog,green
sky18.13,spot,NA,2018-06-20,49.635257,-123.092352,1800.1,pink,alpine,NA,NA,NA,orb,"Tiny pink spot by trekking pol hole,"
sky18.14,spot,NA,2018-06-20,49.635188,-123.092311,1804.8,pink,alpine,NA,NA,NA,orb,pink on Top of saddle. Snow angles down in snow in horizontal layers
sky18.15,runnel,NA,2018-07-07,49.645055,-123.087166,1388.7,green,alpine,NA,NA,NA,NA,"pink above stream. R up from to g 3m, streaks on slope don't extend more than 5cm deep, wouldn't call it a runnel. X is orange in tunnel 2m upstream from g. X and g are in a runnel presumably over running water, r is pink on slope above tunnel. lots more pink overall thaan the one green/orange streak."
sky18.15g,runnel,NA,2018-07-07,49.645055,-123.087166,1388.7,green,alpine,NA,NA,NA,lemon,NA
sky18.15r,spot,NA,2018-07-07,49.645055,-123.087166,1388.7,pink,alpine,NA,NA,NA,balloon,pink spot above main runnel.
sky18.15x,runnel,NA,2018-07-07,49.645055,-123.087166,1388.7,orange,alpine,NA,NA,NA,mix,NA
sky18.16,speckle,NA,2018-07-07,49.644212,-123.088229,1400,pink,alpine,NA,NA,NA,NA,"Xyz approx 2m apart. Band of pink at convex rollover above stream. Above rollover is avy debris, flatter. Seems unlikely they swam up here, seems more wind related."
sky18.16x,speckle,NA,2018-07-07,49.644212,-123.088229,1400,pink,alpine,NA,NA,NA,balloon,NA
sky18.16y,speckle,NA,2018-07-07,49.644212,-123.088229,1400,pink,alpine,NA,NA,NA,balloon,NA
sky18.16z,speckle,NA,2018-07-07,49.644212,-123.088229,1400,pink,alpine,NA,NA,NA,balloon,NA
sky18.17,streak,NA,2018-07-07,49.642726,-123.088364,1456.5,pink,alpine,NA,NA,NA,ruby,NA
sky18.18,streak,NA,2018-07-07,49.639713,-123.090569,1654.3,pink,alpine,NA,NA,NA,orb,Can hear water flowing below
sky18.18sc,streak,NA,2018-07-07,49.639713,-123.090569,1654.3,pink,alpine,NA,NA,NA,orb,NA
sky18.18,streak,NA,2018-07-07,49.639713,-123.090569,1654.3,pink,alpine,NA,NA,NA,orb,NA
sky18.19,layer,NA,2018-07-07,49.639225,-123.090742,1666.7,pink,alpine,NA,NA,NA,orb,"Layer. B is maybe just wet, deeper and further in on the layer"
sky18.20,spot,NA,2018-07-07,49.63924,-123.090713,1666.7,orange,alpine,NA,NA,NA,orb,Icy orange streak 30cm long 5 cm wide
sky18.20re,streak,NA,2018-07-07,49.63924,-123.090713,1666.7,orange,alpine,NA,NA,NA,citrine,NA
sky18.21,line,NA,2018-07-07,49.638656,-123.092522,1656,pink,alpine,NA,NA,NA,orb,NA
sky18.22,spot,NA,2018-07-07,49.638855,-123.092741,1653.6,pink,alpine,NA,NA,NA,orb,NA
sky18.23,spot,NA,2018-07-07,49.641645,-123.092397,1574.3,green,alpine,NA,NA,NA,zuke,above stream
sky18.23r,spot,NA,2018-07-07,49.641645,-123.092397,1574.3,pink,alpine,NA,NA,NA,ruby,NA
tri18.01,spot,NA,2018-06-23,50.009583,-123.252115,1699.3,pink,alpine,NA,NA,NA,balloon,Alpine runnel
tri18.02,streak,NA,2018-06-23,50.005666,-123.257428,1548.4,pink,alpine,NA,NA,NA,orb,Pink runnel
tri18.02su,streak,NA,2018-06-23,50.005666,-123.257428,1548.4,pink,alpine,NA,NA,NA,orb,NA
tri18.03,layer,NA,2018-06-23,50.005466,-123.257428,1549.9,pink,alpine,NA,NA,NA,orb,NA
tri18.04,spot,NA,2018-06-23,50.004854,-123.25849,1550,pink,alpine,NA,green,NA,orb,"Maybe over stream. 4x 5cm, 4b 10cm deep. Pink orange green in order of depth."
tri18.05,spot,NA,2018-06-23,50.004514,-123.258983,1555,pink,alpine,NA,NA,NA,orb,"Maybe water below. Icey red layer, horizontal to surface. No green."
tri18.06,layer,NA,2018-06-23,49.993741,-123.262991,1267.1,rusty,alpine,NA,NA,NA,hedgehog,by stream
tri18.06y,layer,NA,2018-06-23,49.993741,-123.262991,1267.1,rusty,alpine,NA,NA,NA,oval,by stream
tri18.06z,layer,NA,2018-06-23,49.993741,-123.262991,1267.1,rusty,alpine,NA,NA,NA,oval,NA
tri18.07,spot,NA,2018-06-23,49.988496,-123.257881,1214.2,pink,clearing,NA,NA,NA,orb,streamside
tri18.08,edge,NA,2018-06-23,49.988023,-123.256957,1208,pink,clearing,NA,NA,NA,orb,On downslope side of hole
tri18.08su,NA,NA,2018-06-23,49.988023,-123.256957,1208,pink,clearing,NA,NA,NA,NA,NA
tri18.08z,NA,NA,2018-06-23,49.988023,-123.256957,1208,pink,clearing,NA,NA,NA,orb,NA
pan18.08,spot,NA,2018-09-08,49.954858,-122.984173,2101.11157226562,yellow,glacier,NA,NA,NA,yellow_goop,NA
pan18.07,speckle,NA,2018-09-08,49.955058,-122.983411,2100.18603515625,purple,alpine,NA,NA,NA,balloon,Pockets of red extend 5cm deep
pan18.06,spot,NA,2018-09-08,49.954363,-122.983391,2106.70141601563,orange,alpine,NA,NA,NA,orb,"Looked more orange, likely just light"
pan18.05,NA,NA,2018-09-08,49.953741,-122.991188,2048.90185546875,NA,alpine,water,NA,NA,NA,NA
pan18.04,edge,NA,2018-09-08,49.955388,-122.990298,2007.09045410156,green,alpine,NA,NA,NA,NA,Lots of surf debris
pan18.03,streak,NA,2018-09-08,49.958163,-123.009288,1971.78137207031,pink,glacier,NA,NA,NA,green,"Nalgene,"
pan18.02,other,NA,2018-09-08,49.957873,-123.009938,1975.95227050781,pink,glacier,NA,NA,NA,orb,"Where water running off blue ice hits snow, snow acts as filter and cells and debris accumulate. wet"
pan18.01,streak,NA,2018-09-08,49.956464,-123.009783,2048.70239257813,pink,glacier,NA,NA,NA,orb,moist
sky18.28,NA,NA,2018-08-26,49.636493,-123.09094,1736.83374023438,orange,alpine,NA,NA,NA,citrine,"Orange below exposed ice. Appears to be accumulated algae deposited on surface, only on surface."
sky18.27,spot,NA,2018-08-26,49.636308,-123.091186,1742.80480957031,pink,alpine,green,NA,NA,citrine,"Snow above melt stream. Dirty red surface veneer, and green below in sample."
sky18.26,NA,NA,2018-08-26,49.636887,-123.091508,1716.87719726562,NA,alpine,NA,NA,NA,green,In slush at base of exposed ice
sky18.25,NA,NA,2018-08-26,49.636628,-123.092216,1725.23571777344,pink,alpine,NA,NA,NA,yellow_goop,"In 2mm deep of liquid water on snow/ice edge. Not observed on blue ice, or below on snow, only at lower exposed ice/slushy snow interface"
sky18.24,NA,NA,2018-08-26,49.636013,-123.093595,1771.65087890625,orange,glacier,NA,NA,NA,citrine,"40deg slope, on shallow side. Probe hit ice (?) 25cm. Srf vs Scrape. 1m to side when scraped, 1mm diam orange dots appeared within seconds... lydia from snow grains? Labeled as spot."
wed18.06,NA,NA,2018-08-13,50.151791,-122.795472,2078,other,glacier,NA,NA,NA,NA,"1cm snow depth. Very dirty and very wet. Including collembolans, and red mite, and red colored algae. Bubbles."
wed18.05,spot,NA,2018-08-13,50.151084,-122.795986,2099,yellow,glacier,NA,NA,NA,citrine,Bubbles on surf. Very wet snow. On snow/ice glacier interface. Snow depth 1cm
wed18.04,streak,NA,2018-08-13,50.151443,-122.796529,2073,pink,glacier,NA,NA,NA,NA,"Iceworm in sample, just below surf. Algae scraped from ice surf"
wed18.03,spot,NA,2018-08-13,50.150143,-122.796569,2119,green,glacier,NA,NA,NA,NA,"Looked like Seymour snot, but greener. Clumps on downhill side of snowpack, 50cm below wed18-2"
wed18.02,spot,NA,2018-08-13,50.150285,-122.796554,2125,yellow,glacier,NA,NA,NA,yellow_goop,On glacier.
wed18.01,streak,NA,2018-08-13,50.150074,-122.79696,2136,pink,glacier,NA,NA,NA,orb,In crevasse. Post scoop photo taken after packed transport bag with snow.
pan18.ro,,,2018-09-08,49.973574,-123.003087,1789,,,,,,orb,
